{"type":"FeatureCollection","features":[{"type":"Feature","properties":{"name":"AMPLIACION ESTADIO","description":"","distrito":"TUXTLA"},"geometry":{"type":"Polygon","coordinates":[[[-93.0851439544034,16.7812683939076],[-93.08491211275691,16.781556352726],[-93.08593298556002,16.7824596115998],[-93.08655847955978,16.7829426334018],[-93.0863472041922,16.7852277943648],[-93.0861649954727,16.7868082382809],[-93.086288004038,16.7881356856765],[-93.0874185962267,16.7890898984479],[-93.0883013790368,16.7896579117571],[-93.0883559698793,16.790779104097],[-93.0902608268229,16.7911187272008],[-93.0903055821608,16.7907423991452],[-93.0908917046573,16.7909659997305],[-93.09188010232198,16.7887246174208],[-93.093031985223,16.7889939293356],[-93.0938556198162,16.7890601175255],[-93.0940845013678,16.7884068618343],[-93.09494222472911,16.7887746101946],[-93.0989207844879,16.7891587917656],[-93.0982388136824,16.7922947845592],[-93.1027414547059,16.7928435648014],[-93.1031042229982,16.7910766557651],[-93.103596857001,16.7911040446046],[-93.1038627410409,16.789125464961],[-93.1056347390606,16.7893554720708],[-93.10578284596062,16.7889774209379],[-93.10624621928551,16.7890173708031],[-93.1089378910394,16.7899820426069],[-93.1107383120393,16.7901216577711],[-93.11073040300371,16.7880093726335],[-93.11400600640648,16.7876146725289],[-93.11617184856638,16.7873783537996],[-93.1164546690409,16.7881337176405],[-93.1164334263936,16.7884946310518],[-93.11708995328702,16.7886243330948],[-93.1178876865999,16.7869836741911],[-93.1186863012379,16.7854258320336],[-93.1204568667779,16.7818686089034],[-93.1209030506916,16.780976091753],[-93.120567901285,16.7801871938662],[-93.1210249094951,16.7781565009639],[-93.1211132143118,16.7777985845864],[-93.1146292308683,16.7757414876613],[-93.11443583382268,16.7766433025058],[-93.11430808479422,16.7786708917019],[-93.1132726126797,16.778676211555],[-93.1125575344731,16.7813038851615],[-93.1125883117376,16.7815836705151],[-93.112925967451,16.7818277989431],[-93.1126080333471,16.7827803044655],[-93.11204722758178,16.7824079171799],[-93.11042364037588,16.7819447383199],[-93.1085433173412,16.7812707866015],[-93.1084232021092,16.7817713224891],[-93.10753949342151,16.7816601882345],[-93.1078112207824,16.7806255538236],[-93.1063908111806,16.7798771321826],[-93.10612746532699,16.7812355416855],[-93.1057399180153,16.7814931435019],[-93.10500784722188,16.7812519884383],[-93.10388663972138,16.7836828975012],[-93.10405206977161,16.7846795008857],[-93.1037633316542,16.7853783973372],[-93.1009330100791,16.7848638174894],[-93.09722424786919,16.7841898451831],[-93.0972971229965,16.7838731770049],[-93.09311023562059,16.7835440170031],[-93.0932439641881,16.7808645753868],[-93.09161704973232,16.7808403409981],[-93.09168545371489,16.7787944789625],[-93.089760116392,16.7785012916124],[-93.09077042577772,16.7747878585628],[-93.0884975699774,16.7744481321252],[-93.0882227212655,16.7756892498934],[-93.0882388459407,16.7759343186744],[-93.08802150982771,16.7767728369059],[-93.0860916890105,16.7799386826492],[-93.0855239635661,16.7806613558382],[-93.0851439544034,16.7812683939076]]]}},{"type":"Feature","properties":{"name":"AMPLIACION ESTADIO 2","description":"","distrito":"TUXTLA"},"geometry":{"type":"Polygon","coordinates":[[[-93.11517913280369,16.7739376704198],[-93.1146327172381,16.7757495974052],[-93.1166836173212,16.7763993914544],[-93.1211156938826,16.7777969456123],[-93.120563404502,16.780178515197],[-93.12090336476858,16.7809810506789],[-93.11847941739111,16.785835425643],[-93.1170807071007,16.7886302778745],[-93.11643430599979,16.788484306488],[-93.11646580426931,16.7881422267557],[-93.11616620787652,16.7873825119691],[-93.1107280261255,16.7880076844614],[-93.1107316233607,16.7901234457181],[-93.10893916698559,16.7899770394045],[-93.1062396644581,16.7890208723835],[-93.1057852715891,16.7889805505065],[-93.1056382011259,16.7893553015401],[-93.1038550240678,16.789118223479],[-93.10360009188472,16.7910961278991],[-93.10310726564029,16.7910689135402],[-93.10274494463772,16.7928364654268],[-93.0982340670876,16.7922941980255],[-93.0989170494589,16.7891496847664],[-93.09494375871138,16.7887703345721],[-93.0940802377944,16.7883786606417],[-93.0938987654978,16.7890726988804],[-93.0930416241039,16.788966308398],[-93.0918707908053,16.7887175996862],[-93.0908714730296,16.7909676668614],[-93.09036190562608,16.7907548209258],[-93.0902785953936,16.7910910707449],[-93.0883815964451,16.7907451047231],[-93.0882950000976,16.7897189240886],[-93.0882939221706,16.7896693961564],[-93.0876134203597,16.789299349586],[-93.0873912465311,16.7897990744736],[-93.0873186171388,16.7906425667166],[-93.08791634086418,16.7913738068592],[-93.08874774636828,16.7921254594749],[-93.0895087659528,16.7927611495416],[-93.08909486122438,16.7941218184066],[-93.089946701818,16.7945408100001],[-93.0911501208538,16.7951792553196],[-93.092219906111,16.796032714132],[-93.09227582939549,16.7960580835984],[-93.0932572851132,16.7966482799067],[-93.0945157466219,16.7972330404451],[-93.094970428529,16.7964815329836],[-93.09501966517999,16.7974179110581],[-93.0954709241647,16.7978064538695],[-93.09639908034748,16.7984770915746],[-93.0971912863181,16.7992566680647],[-93.0982542226376,16.799739309951],[-93.1000350895134,16.8001014919405],[-93.1010807384186,16.8004581704538],[-93.1055591969086,16.8008987939767],[-93.1113351326543,16.8018703157582],[-93.11397169303841,16.8021618335489],[-93.11633267426218,16.8024854606674],[-93.117804307806,16.8026414426918],[-93.1198758001836,16.803253901933],[-93.1198215251138,16.8046076343159],[-93.1211859885254,16.8049518607451],[-93.1240373483684,16.8061421248667],[-93.12553017075861,16.8059798000049],[-93.1263560083612,16.8044507021113],[-93.1284471256144,16.8024984756948],[-93.1304229158519,16.8053515262967],[-93.1323828398312,16.8061886535528],[-93.133688905785,16.8062954224076],[-93.1354501529619,16.8044282595422],[-93.1367693069248,16.8038708132754],[-93.13896978136681,16.8016599390165],[-93.13004602667549,16.7945685472486],[-93.1274649477092,16.7956285753555],[-93.1259905607736,16.7966129810036],[-93.1251841325612,16.7990161756736],[-93.124119825067,16.7984806083895],[-93.1249010582398,16.796152298893],[-93.1196858182575,16.7930657437665],[-93.12000367416348,16.7916228170859],[-93.12045206902978,16.7916310782093],[-93.1212869581389,16.7912710687702],[-93.1225249587904,16.7921226497921],[-93.123917389045,16.7909955186501],[-93.1251002866906,16.7901303015835],[-93.1240043964499,16.7892420369672],[-93.1238546251994,16.7848612695786],[-93.12472754194938,16.7837791803489],[-93.12601056719669,16.7808951530471],[-93.1270667530114,16.7791734420779],[-93.12679836644608,16.778405987877],[-93.1269879788446,16.7779465644954],[-93.1271315486239,16.777671492763],[-93.1256352051833,16.7767979897895],[-93.1254601006336,16.776205013983],[-93.1263936010368,16.7746980393797],[-93.1260973754957,16.7740791896286],[-93.1248990258946,16.7743285851472],[-93.12357942100928,16.7742899254688],[-93.11833356201049,16.7728996469539],[-93.1161815220609,16.77200137635],[-93.11517913280369,16.7739376704198]]]}},{"type":"Feature","properties":{"name":"AMPLIACION SABINITO","description":"","distrito":"TUXTLA"},"geometry":{"type":"Polygon","coordinates":[[[-93.0655141986559,16.7343510229797],[-93.0652521346224,16.7342729113917],[-93.0634070379678,16.7333026781942],[-93.063058908903,16.7331301107877],[-93.0627883144246,16.7334378111758],[-93.0625753529262,16.7334416553215],[-93.0623474543922,16.7336616759159],[-93.06243474890842,16.7337166594867],[-93.0620611565053,16.7341920985563],[-93.0617125719807,16.734653139718],[-93.0625641209725,16.7350471264119],[-93.06197906223679,16.7357425186857],[-93.0618020413197,16.7359390786556],[-93.06134971500161,16.7366937327808],[-93.0617732048225,16.7369147349837],[-93.0622058157903,16.7371698363512],[-93.0627163189018,16.7375090767351],[-93.06326275514681,16.7378972284612],[-93.0646931814139,16.7388894384266],[-93.06543464806938,16.7394155007811],[-93.0664219179682,16.7400865188045],[-93.0666587304177,16.7397842295449],[-93.06775141386021,16.7391155207246],[-93.0682418099073,16.7394291540404],[-93.06858780543088,16.7396258634551],[-93.0698567376066,16.7404455571429],[-93.0710603838552,16.7411904707167],[-93.0714432405336,16.7414034481953],[-93.07171873768701,16.741527658466],[-93.0721295693904,16.7416338108417],[-93.072505829369,16.7417163781824],[-93.07298515108312,16.7417103027633],[-93.0733378402602,16.7416826689207],[-93.07371116321131,16.7415800354227],[-93.0745372738082,16.741378315156],[-93.07462760274402,16.7414080050688],[-93.07484558692938,16.741522635508],[-93.0749726694723,16.7415568037708],[-93.0751013086048,16.7415739182339],[-93.0754318140095,16.7415568906259],[-93.0757033022628,16.7415124247403],[-93.0758515677241,16.7415140853475],[-93.07596476849379,16.7415260750046],[-93.0761630132979,16.7415996390868],[-93.0764207992394,16.7417409723938],[-93.07709165616728,16.7415521384247],[-93.07746739760212,16.7414317484058],[-93.0782738764808,16.7411733806945],[-93.0786636845889,16.7410330545832],[-93.07903884444681,16.740898245439],[-93.0791305716621,16.7408647986199],[-93.07933317138551,16.7407828871055],[-93.07970235178972,16.7406330554786],[-93.079791826793,16.7405969336662],[-93.08017916195591,16.7404188256579],[-93.0805766123207,16.740236778102],[-93.0810046112917,16.7400394097786],[-93.0814521920273,16.7398309945598],[-93.08185598329591,16.7396431866609],[-93.08245024072691,16.739367083657],[-93.08323177366249,16.7390031315852],[-93.0833612969404,16.7378882363373],[-93.0834793557639,16.7368086483649],[-93.08352540643742,16.7367119695981],[-93.0836696428057,16.7355560092336],[-93.0836487491179,16.7354254576166],[-93.0837482455292,16.734540891092],[-93.0843789450025,16.7346195002571],[-93.08450482707208,16.7342369560643],[-93.0846525755071,16.7340078496897],[-93.0839362451892,16.7338987019555],[-93.0840669798821,16.7329160396791],[-93.084244821335,16.7317752622074],[-93.0833037015734,16.7316268051665],[-93.0831422030791,16.7315429675968],[-93.08330181841329,16.7311356559701],[-93.0835918539359,16.7304826309891],[-93.0831901420049,16.730263197276],[-93.0830499104336,16.7301380343808],[-93.0831660335547,16.7298714820899],[-93.0832042743851,16.7298791509844],[-93.0832649612112,16.7292493206054],[-93.0833693301606,16.7292749092755],[-93.083441579136,16.7289261910687],[-93.08356220582368,16.7275154986371],[-93.08355223752301,16.7270591244127],[-93.0829106058338,16.7270539104645],[-93.0828968852306,16.7276931901294],[-93.0817431410964,16.7277495641927],[-93.0807959993913,16.7278114228851],[-93.0807804474921,16.727158614593],[-93.0808025256402,16.7268709110922],[-93.0795638483243,16.726907732998],[-93.0789719104523,16.7269777302815],[-93.0789538759223,16.7277859786155],[-93.0786486439252,16.727774768291],[-93.0781673497387,16.7276797485442],[-93.0778480061654,16.7277050281589],[-93.0758730213068,16.7280132058394],[-93.0746123959584,16.7281585241358],[-93.0740873195314,16.7281082206884],[-93.07390763815208,16.7280568814816],[-93.0730428365048,16.7277706437866],[-93.0728453607029,16.7276757751689],[-93.0724245708659,16.7274368776992],[-93.0721994779215,16.7272719194431],[-93.0719912940111,16.7276126633748],[-93.0716100494607,16.728287782255],[-93.0714937620042,16.7282641846393],[-93.07148080156449,16.7283387746558],[-93.0708559546245,16.7282142256139],[-93.0707960259253,16.7288755595013],[-93.0706794036198,16.7298169345256],[-93.0712401729368,16.7299088624836],[-93.07254343606252,16.7301385345571],[-93.0724649780554,16.730725903222],[-93.0723994225907,16.7312706271292],[-93.07230557267391,16.7327393846603],[-93.0722987172709,16.7331439716244],[-93.0717339733421,16.7330052233288],[-93.07066627397789,16.7324070622371],[-93.07005489947379,16.732142957967],[-93.0696341814225,16.7319197134773],[-93.06879682837669,16.7314230350996],[-93.0679808419008,16.7311287313545],[-93.06763031713359,16.7310121673829],[-93.0672864322287,16.7307479384588],[-93.0669250496211,16.7315225149843],[-93.06616162407778,16.7330272952571],[-93.06607768888618,16.733128724736],[-93.0655141986559,16.7343510229797]]]}},{"type":"Feature","properties":{"name":"AMPLIACION SABINITO 2","description":"","distrito":"TUXTLA"},"geometry":{"type":"Polygon","coordinates":[[[-93.11698309598981,16.7256276640137],[-93.1172323258713,16.7250858869268],[-93.1166409030159,16.7247017040579],[-93.1143092104747,16.7241850693002],[-93.1110363406302,16.7234793180219],[-93.1108717786205,16.7231427908668],[-93.1107799404306,16.722767845057],[-93.11069020957841,16.7226004034079],[-93.1109553376953,16.7224554411327],[-93.1107573241595,16.7220285000946],[-93.1116220927395,16.7218060090921],[-93.1118045889969,16.7207110087915],[-93.1137926970135,16.7210859002259],[-93.113778293553,16.7206041805922],[-93.1140182275133,16.7205797196707],[-93.1144839949978,16.7206672806219],[-93.114712814377,16.7207702981737],[-93.1147774042747,16.7206258976227],[-93.1147746943744,16.7205227726089],[-93.1148122551141,16.7202005737009],[-93.11460767486288,16.7201748373668],[-93.1139185081863,16.7199720843915],[-93.1129172094375,16.7198365445967],[-93.11300334908191,16.7196413723172],[-93.11299164625669,16.7195179210086],[-93.1129754604817,16.7194096411475],[-93.1129215604738,16.7193220625841],[-93.11236163235078,16.7189896238108],[-93.1121677804959,16.7189097436998],[-93.1117322282134,16.7188723614918],[-93.11122076386721,16.718607004289],[-93.11098827456809,16.718344313828],[-93.1107352063333,16.7179371290952],[-93.1103841136318,16.7175712398741],[-93.1100544762204,16.7172820116685],[-93.10912598292259,16.7173880223502],[-93.10744062430982,16.7189436441409],[-93.10727651327112,16.7193474440546],[-93.10702653555761,16.7204131429853],[-93.1074003632876,16.7204169108815],[-93.108019806228,16.7205785408284],[-93.10848042863249,16.7207328353523],[-93.1087585894951,16.7209923353468],[-93.1087812770203,16.7211956578106],[-93.1083799557742,16.7215597331054],[-93.10814450936512,16.721687091738],[-93.1077815325829,16.721843289544],[-93.1070005698563,16.7219647550208],[-93.10671633926262,16.7220749659347],[-93.10658436252972,16.7223601681261],[-93.10635507833912,16.7230934684253],[-93.1062501934366,16.7234056345942],[-93.10475546313221,16.7228774001887],[-93.104807466407,16.7223630290995],[-93.10236496540992,16.7220812317669],[-93.1020958909952,16.7221935794215],[-93.1022104404396,16.723048764291],[-93.10122992250588,16.7231995871538],[-93.10101661853619,16.7231812364259],[-93.1010658824957,16.7238789470274],[-93.1010275159622,16.7240811487318],[-93.1006738122259,16.7241696495621],[-93.1005228348489,16.7247433672848],[-93.1005517665657,16.7251102098438],[-93.1006174211197,16.7256095888672],[-93.10067123421982,16.7259358363855],[-93.1007540146981,16.7263856685674],[-93.100692737671,16.7273936672396],[-93.10062844408499,16.7276278840304],[-93.100156067223,16.7285531824674],[-93.0999143949455,16.728703297959],[-93.09966359229811,16.72870141836],[-93.09955982621901,16.7282568343367],[-93.0993926554766,16.7279722452792],[-93.09928110100259,16.7277708767151],[-93.09901623281502,16.7265819996922],[-93.0978261187698,16.7263366608915],[-93.0978460238705,16.7267324921655],[-93.0978541646,16.727439730828],[-93.09796770995382,16.7282782355733],[-93.09766127328079,16.7282572992874],[-93.09755088213049,16.7283449392745],[-93.0964676536814,16.727653577827],[-93.0960641276845,16.7275255503257],[-93.09557570209368,16.7274037264783],[-93.09538591823849,16.7273283563221],[-93.0952248317848,16.7271765933355],[-93.0947831791683,16.7269677344312],[-93.09465382944302,16.7267530750919],[-93.0944202620683,16.726308368286],[-93.0942851553119,16.7258357078697],[-93.0945708191405,16.7256854213665],[-93.0945707466415,16.7252070951771],[-93.09403428256589,16.7248689834021],[-93.0931848324173,16.7246950412585],[-93.0922272212601,16.7243916395239],[-93.0918532182371,16.7245567566042],[-93.09170254210329,16.7244672074385],[-93.09152588517162,16.7242906076435],[-93.0912308469643,16.7238528655011],[-93.09104718104942,16.7236069485351],[-93.0916937099154,16.7229912202904],[-93.09233636721999,16.7234013186759],[-93.0931642021651,16.722476074168],[-93.0920325904922,16.7217925847205],[-93.0911777134243,16.7215742055626],[-93.0904097806036,16.721464782259],[-93.0898814673665,16.7214950660419],[-93.0891991837583,16.7217146864642],[-93.08848327097138,16.7221731734308],[-93.0841216704211,16.7218225579846],[-93.0835591310567,16.7219811621711],[-93.0832003038252,16.7218642087102],[-93.0824250756335,16.722045225399],[-93.08204744210002,16.7229100077378],[-93.08080542903829,16.7226722694546],[-93.0797330958484,16.7224169052268],[-93.0784212053035,16.722364150149],[-93.078354193024,16.7220431979604],[-93.0768135588477,16.7218620943981],[-93.075434510589,16.7216412631795],[-93.0732137098082,16.7213015241252],[-93.07220795263689,16.7229330155373],[-93.0709071753043,16.7222693963688],[-93.06985371284982,16.7237550582545],[-93.0695003607981,16.7234560064989],[-93.06884084331898,16.7245217665593],[-93.0680468835038,16.7253873768219],[-93.0682154574132,16.7255376606386],[-93.0693142622285,16.7264502484343],[-93.0703768489035,16.7273806882647],[-93.0709246405882,16.7278365283464],[-93.0714941324473,16.7282642853012],[-93.0716100438826,16.7282879620783],[-93.07199188174542,16.7276117803809],[-93.072199565652,16.7272721019538],[-93.0724256459433,16.7274383485324],[-93.07284084159039,16.7276739351868],[-93.073040995438,16.7277697808436],[-93.07390326938719,16.7280562157464],[-93.07408778328562,16.7281083240323],[-93.07461248647928,16.7281586167341],[-93.0758713306029,16.728013517149],[-93.07719350633342,16.727807776567],[-93.0778475284771,16.7277053743866],[-93.07816780235392,16.7276802115302],[-93.07864817459449,16.7277748447825],[-93.0789538731368,16.7277860685284],[-93.0789719104523,16.7269777302815],[-93.0795639304928,16.7269080953336],[-93.0808022345754,16.7268712626955],[-93.0807800659021,16.7271588735997],[-93.0807959993913,16.7278114228851],[-93.08166753261311,16.7277543197547],[-93.0828966930439,16.7276933645918],[-93.0829106963596,16.7270540030603],[-93.083552050904,16.7270591190488],[-93.08356129074872,16.7275118725899],[-93.0834414774748,16.7289264581272],[-93.0833693329443,16.7292748193619],[-93.08326486790068,16.729249317923],[-93.0832040933313,16.7298789657923],[-93.08316603077071,16.7298715720035],[-93.0830500942714,16.7301381296596],[-93.0831898620718,16.7302631892282],[-93.0835917606247,16.7304826283067],[-93.0833017083975,16.7311361927687],[-93.0831422030791,16.7315429675968],[-93.0833037921009,16.7316268977628],[-93.08424472802308,16.731775259525],[-93.08460572329281,16.7318137144759],[-93.0845439249334,16.7317071853662],[-93.0844344078206,16.7315190101661],[-93.08435760820412,16.7313872115767],[-93.0850824398933,16.731097746809],[-93.085179535612,16.7312678359838],[-93.08523487707892,16.7314049572855],[-93.08527988589042,16.7315922681868],[-93.0853409570423,16.7320119549635],[-93.08545942857039,16.7328160355822],[-93.0854605048564,16.7329230692538],[-93.0861829683055,16.7330452561857],[-93.0872773658149,16.7332298747005],[-93.08755556289388,16.7332761156056],[-93.0875934563005,16.7336481603844],[-93.0873391115505,16.7339387328841],[-93.087236928322,16.7343222315159],[-93.08744440063658,16.7347283972397],[-93.0875130265525,16.7349976518822],[-93.088220248055,16.7350845684346],[-93.0881897764695,16.7353026489806],[-93.08868521296529,16.7353551309295],[-93.08869983853059,16.7354408657481],[-93.0896943432672,16.7356760626321],[-93.0898642446907,16.7355881587158],[-93.0898725871481,16.7354513367317],[-93.0898201842703,16.7354394821318],[-93.0899175380982,16.7346987439706],[-93.0900225329158,16.7335177018587],[-93.0906449973725,16.7337359063672],[-93.09126504225299,16.7339085925805],[-93.09137331774211,16.7332130728379],[-93.092161958876,16.7334184953441],[-93.09262781965539,16.7323009040936],[-93.0927388214814,16.7317374826827],[-93.0930295434346,16.7317562669105],[-93.0932417096508,16.7310864945404],[-93.0937304997609,16.731387066878],[-93.0937552956614,16.7308265695439],[-93.0938652799633,16.7306766443014],[-93.0938549780605,16.7305808639322],[-93.09419059941682,16.7305278584978],[-93.09426009004152,16.7306093182213],[-93.09434207438231,16.7306461388959],[-93.0944450394212,16.7306719522089],[-93.09450074540241,16.7307219680334],[-93.094940445402,16.7305892422361],[-93.0945509364503,16.7298926631882],[-93.0956587114558,16.7292151925986],[-93.0957981387007,16.7292367412961],[-93.09606858451508,16.7292194803484],[-93.0968941311001,16.7290765774062],[-93.0970583005036,16.7294823955475],[-93.0970651478357,16.729520750008],[-93.0969868074523,16.729852746335],[-93.0969643540642,16.7300112143208],[-93.09698373471781,16.730067117388],[-93.09701341643601,16.730143294896],[-93.0975538498042,16.7309854934487],[-93.098359461666,16.7304359543326],[-93.0985539978355,16.7303061790714],[-93.0988999168904,16.7301163071117],[-93.09931567111,16.729924206716],[-93.0997643346681,16.7297551876185],[-93.1002427429809,16.7296179785095],[-93.1006540321657,16.7295311319454],[-93.10102214048942,16.7294785952828],[-93.1015515521294,16.7294318505125],[-93.102236804785,16.7294589569307],[-93.10288525941831,16.7295435943419],[-93.1031978909684,16.7296121290226],[-93.10394366456862,16.7298209566597],[-93.10468384197439,16.7301386074988],[-93.1053559742446,16.7304368481489],[-93.1061179839269,16.73077662963],[-93.1070049040262,16.7311849634223],[-93.1072502779972,16.7313115950942],[-93.1079717569273,16.7310911499582],[-93.1081494149319,16.7312421211473],[-93.1084580446985,16.7311740990074],[-93.10880423888261,16.7309024982811],[-93.1097098945377,16.7302548813328],[-93.1105524448604,16.7302000650726],[-93.11055713253559,16.7295569884644],[-93.1105464929488,16.7280231299643],[-93.110537776703,16.7267055900689],[-93.11151521550549,16.7267161825465],[-93.111511149399,16.726614729125],[-93.1126680043066,16.7264949116574],[-93.11249361589451,16.7255918385249],[-93.11324000121502,16.7257385494407],[-93.113491029248,16.7271949604606],[-93.1148066241193,16.726967263337],[-93.1150672916998,16.7282171367162],[-93.1155074473807,16.7281452121474],[-93.115958345528,16.7278426586377],[-93.1167606353157,16.7273570109725],[-93.1166119661557,16.7263762822377],[-93.11667789380171,16.7259669649313],[-93.11698309598981,16.7256276640137]]]}},{"type":"Feature","properties":{"name":"AMPLIACION SABINITO 3","description":"","distrito":"TUXTLA"},"geometry":{"type":"MultiPolygon","coordinates":[[[[-93.1108823265178,16.7149849233231],[-93.1109585660522,16.7149929528548],[-93.11100906454499,16.7149755871539],[-93.11115330059529,16.7149772808476],[-93.1112452634924,16.7149720801862],[-93.1113389654492,16.714928590304],[-93.111482783668,16.7149226220279],[-93.1116537502015,16.7149448789459],[-93.1118073028485,16.7150019169486],[-93.11187985742872,16.7151023582159],[-93.1119421448414,16.7152572244586],[-93.1119190557035,16.7154065902439],[-93.1120039239365,16.7155408625953],[-93.11331693328012,16.7169631859639],[-93.1146875203402,16.7178747040611],[-93.1147669088172,16.7178745427198],[-93.1149712600736,16.7179288909773],[-93.1150430609885,16.7179476822753],[-93.11512839318048,16.7179728900573],[-93.1151824332021,16.7179982836479],[-93.115360993243,16.7181715019029],[-93.11540834793502,16.718207774185],[-93.1154894139327,16.7182502295719],[-93.1155679389711,16.7182690328645],[-93.1156418505666,16.7182769045567],[-93.1167156132313,16.7190562758911],[-93.1169489737654,16.7175300936164],[-93.1178175640601,16.7178112178065],[-93.1176209644708,16.7184764497024],[-93.11901771185602,16.7188665238198],[-93.1189501464001,16.7195876418414],[-93.119419547027,16.7197181344469],[-93.1202597385511,16.7196020872121],[-93.12078961245669,16.7192541605125],[-93.1209183229656,16.719007638545],[-93.12153465820242,16.7191069512816],[-93.1216173894926,16.718338743055],[-93.1218744326706,16.7183865791422],[-93.1221692693817,16.7177273824338],[-93.1227244181969,16.7179273631166],[-93.1232315145921,16.7180651321189],[-93.1233224245231,16.7179635973018],[-93.1239790096039,16.7179201418955],[-93.12422125413909,16.7178113142655],[-93.1242956239786,16.7176614273934],[-93.12429037875141,16.7174582396417],[-93.124124707165,16.7172451651945],[-93.1239073588117,16.7171212455025],[-93.1236097164803,16.71707558396],[-93.12365155392229,16.7169905585178],[-93.1237004840268,16.7168053864374],[-93.1238252361162,16.7164655990697],[-93.12391842464362,16.716244249866],[-93.12400862743338,16.7159650359436],[-93.12437598014719,16.7153404811702],[-93.124562224038,16.715142215496],[-93.1247899397683,16.7152660696689],[-93.1251055019064,16.7150231621837],[-93.12559190506039,16.7145756076613],[-93.1258660253637,16.7140155287458],[-93.1272572651788,16.7134199792679],[-93.1294242479041,16.7134593341945],[-93.1293721289649,16.711347262477],[-93.12891445104229,16.7113340406636],[-93.1289417136265,16.7100255006162],[-93.1274410505541,16.7100002842552],[-93.1274617017102,16.7093212859581],[-93.1272827881971,16.709204947242],[-93.12722041870039,16.7073815786112],[-93.12728222800598,16.7057750479228],[-93.12887279758482,16.7053555183406],[-93.12955045905971,16.7055583321324],[-93.1302564848922,16.7058016419283],[-93.1305839935505,16.7058809897239],[-93.1308631721768,16.7048715801071],[-93.130601529393,16.7047487490016],[-93.1300409937955,16.7046336950622],[-93.12962072230931,16.7045858148757],[-93.1307464779588,16.7026010661458],[-93.12918752156462,16.7023377000042],[-93.1292509632541,16.7013072989139],[-93.1273005741847,16.7010065838464],[-93.12494417971759,16.7008816594244],[-93.124851119781,16.7012088543385],[-93.1241903350168,16.7008768230255],[-93.1235693906801,16.7008472427816],[-93.1233831693275,16.701005822312],[-93.1232796516533,16.7011594694736],[-93.1232486299732,16.7013973524579],[-93.1232435560535,16.7016600049199],[-93.1225136443215,16.7013439975073],[-93.121614755278,16.7009930199354],[-93.1207713032204,16.7021789978573],[-93.1199567053246,16.703480180612],[-93.1190360235281,16.7027229453807],[-93.1183143279647,16.7042734537856],[-93.11687196725379,16.7028548651403],[-93.11631150494279,16.7030177833831],[-93.11631152111542,16.7035641621444],[-93.1161814064102,16.7041393152618],[-93.1139635561233,16.7029377863103],[-93.11385457979982,16.7017835131558],[-93.1136674624716,16.7016915919622],[-93.11372020276882,16.7014159050674],[-93.1134706992455,16.7013241822617],[-93.112837451238,16.7003132440391],[-93.1116458459605,16.6986806754553],[-93.1110852810828,16.6976692030226],[-93.1105778623867,16.6977445261701],[-93.11054242913849,16.6971568216811],[-93.1100763689345,16.696874236399],[-93.1102710056922,16.696086830736],[-93.10953349137131,16.6959286967893],[-93.10963087518,16.6951852223896],[-93.10872889372419,16.6950705368047],[-93.10878400780962,16.6942987668443],[-93.1083883109906,16.6942031344657],[-93.1077151980374,16.694107044383],[-93.10742685904451,16.6940882754567],[-93.1065058736767,16.6941696816878],[-93.1059245999404,16.6929129139636],[-93.1055013886381,16.6930561517424],[-93.1055633248078,16.6934740663956],[-93.1056886244044,16.6942331695608],[-93.10589639965819,16.6950461985681],[-93.10593179175991,16.6951675357661],[-93.10602019113638,16.6952140709829],[-93.1069309211531,16.6955359209961],[-93.10742007844081,16.6964696685998],[-93.1070433129532,16.6970575593244],[-93.1067221441269,16.6975349919199],[-93.106042895346,16.6974589670042],[-93.1043447128167,16.6977548295105],[-93.1043810599547,16.6972900472876],[-93.10328275603781,16.697328205038],[-93.1026916716727,16.6976703835868],[-93.1025946757793,16.6977210668145],[-93.1022946940356,16.6975648019727],[-93.1020792159223,16.6972268221386],[-93.10188792321368,16.6970798759388],[-93.1017652243122,16.6970312777778],[-93.1016208448962,16.6970104980747],[-93.10149089053539,16.6970307191866],[-93.1004102376454,16.6977024878391],[-93.10026028804171,16.6978503799544],[-93.10005072682311,16.6981630582946],[-93.0991950238938,16.6979982647377],[-93.0990953858826,16.6983679952075],[-93.09849997750132,16.6984017995879],[-93.0985175832334,16.6988031441916],[-93.09799145657021,16.6988643986804],[-93.0977223789253,16.7001867391951],[-93.0981458467028,16.7002327019802],[-93.0986751040079,16.7003214705793],[-93.0992844402278,16.7000662265509],[-93.09965064090099,16.700328156827],[-93.0996462023162,16.7006812633152],[-93.0995182458192,16.7009304888521],[-93.0992958373726,16.7011841201029],[-93.09801989686228,16.7017556910423],[-93.0978069623383,16.7018291499934],[-93.0976865476085,16.7015368162736],[-93.0977029651407,16.7013798841808],[-93.0972740276605,16.7013295333467],[-93.09722743044118,16.7017383983516],[-93.0967539591674,16.7016937905436],[-93.0966641438027,16.7023079567441],[-93.09530138799872,16.7025481770851],[-93.0952327473046,16.7030327247514],[-93.0951161866143,16.7036539520085],[-93.09504935536981,16.7042462754399],[-93.0940995772864,16.7039006581492],[-93.0934205998858,16.7063757707667],[-93.09356766206362,16.7064913097094],[-93.0942548308957,16.7068285969473],[-93.09454895294398,16.7069508699024],[-93.0949839486501,16.7070896888147],[-93.0952570810088,16.7071477328905],[-93.0952799255097,16.7077329964095],[-93.0966662601095,16.7072170865257],[-93.0969355839276,16.7074047028621],[-93.09759854175158,16.7065834953568],[-93.0983889022759,16.705521954407],[-93.0985723715159,16.7056410528754],[-93.09910426386949,16.7050511523792],[-93.09970942164658,16.7054742700811],[-93.09999859027022,16.7051090661576],[-93.10060712751358,16.705519589131],[-93.1005542584262,16.706077490389],[-93.1005046068925,16.7074791954637],[-93.1013601150606,16.7083364200846],[-93.1014924524986,16.7083936661123],[-93.10162421730692,16.7084301065904],[-93.10177275928342,16.7084524478777],[-93.1019527289209,16.7084549895521],[-93.10231093245001,16.7084194344708],[-93.1024119157166,16.7084547234538],[-93.10249522307218,16.7084908564286],[-93.1025731549797,16.7085529344266],[-93.102616169371,16.7086692707074],[-93.1029657369585,16.7091624654054],[-93.1032562364982,16.7095511937505],[-93.1038096990201,16.7100707425317],[-93.1039047352541,16.7102323958387],[-93.1039695186006,16.7106272640302],[-93.104053157548,16.710846638906],[-93.1041938864619,16.7111862628594],[-93.1043991067994,16.7114605050584],[-93.1055869283176,16.7119023579284],[-93.10573115554891,16.7119315035191],[-93.10587174088259,16.7119424554956],[-93.10676804967268,16.7118798103628],[-93.1075048459326,16.7118355479692],[-93.10884297354761,16.7115485675669],[-93.1090062229528,16.7119426530335],[-93.1091477336759,16.7120873649536],[-93.1086048469366,16.7131221060186],[-93.1084344939532,16.7131740221846],[-93.1079235674116,16.7131586892703],[-93.1077426893076,16.7138009534986],[-93.1087112359379,16.7142829605762],[-93.1088070573527,16.7143950474682],[-93.1087538901697,16.7148538618214],[-93.1086527612672,16.7150475229821],[-93.10863676199578,16.715154611839],[-93.1086633729322,16.715297298286],[-93.10874317477942,16.7153533989765],[-93.10904124010399,16.7153788433016],[-93.1091104296942,16.7154247406968],[-93.1093286741266,16.715822289836],[-93.1097171554736,16.7159140372224],[-93.1095521374874,16.7148130626354],[-93.11043564411392,16.7154094488053],[-93.1108823265178,16.7149849233231]]]]}},{"type":"Feature","properties":{"name":"BERRIOZABAL","description":"","distrito":"TUXTLA"},"geometry":{"type":"Polygon","coordinates":[[[-93.2875643441829,16.7890264949713],[-93.28658656588928,16.7883223192388],[-93.28578170077631,16.7885985100078],[-93.2848470978935,16.7881188715915],[-93.28494879933469,16.787747397804],[-93.2826147431588,16.7872224764524],[-93.2831774653011,16.7861868928789],[-93.2846102401308,16.7872051380528],[-93.2859289414924,16.7859148593025],[-93.2856181010945,16.7856634198036],[-93.284720367776,16.785774266333],[-93.2836259236167,16.7850319075358],[-93.28344821938329,16.7844421858178],[-93.2818003845563,16.7841046238509],[-93.28119256919078,16.7843265150266],[-93.2791575506982,16.7829509291536],[-93.2804360554784,16.7811782309885],[-93.2782859316035,16.7795355028283],[-93.2774622745165,16.7808182837574],[-93.27652484703619,16.7803975074294],[-93.2764772503022,16.7804888106863],[-93.2759506388915,16.7803316288857],[-93.27575466493869,16.7803975505873],[-93.2750567781182,16.7812414675861],[-93.2717310611717,16.7801559745404],[-93.271755645182,16.7805473424843],[-93.271593033829,16.7811415211429],[-93.27345162043169,16.7817276343061],[-93.2731278071175,16.7825646011255],[-93.27563424229999,16.7841223473714],[-93.2752694456465,16.784566231888],[-93.2724269471326,16.7838019836915],[-93.2704010784806,16.7839832780775],[-93.27023080064562,16.7840304660277],[-93.2698369971708,16.7852115005243],[-93.2696566267557,16.7864482721555],[-93.26804556057719,16.784750548113],[-93.2677339589335,16.7844199408264],[-93.267964546313,16.7835423992284],[-93.26838043334169,16.7831307448854],[-93.2676876527563,16.7825117885513],[-93.26727042825222,16.7824959070991],[-93.2666867769645,16.7865688662991],[-93.2656626177372,16.78575790767],[-93.2651621307913,16.7888017473048],[-93.2637462705416,16.7881665286115],[-93.26277419408208,16.7922366927917],[-93.261586136135,16.7955796684008],[-93.26214332598991,16.7972278133379],[-93.26253358568441,16.7985762120913],[-93.2641039884423,16.8001383750869],[-93.263187535632,16.8008961678122],[-93.2610918999352,16.801377102735],[-93.25919733709482,16.8017384277114],[-93.2577607544938,16.8017138715371],[-93.2579774411789,16.8001138537336],[-93.2565073785364,16.7990873669298],[-93.25509435163141,16.7991161168677],[-93.2550787907018,16.8013897730462],[-93.25460194686092,16.8023011558194],[-93.2542824513051,16.8019414097988],[-93.2538130533642,16.8014239853381],[-93.2536277518135,16.8013027620273],[-93.2534053772968,16.8012022838014],[-93.2532170132742,16.8011608190346],[-93.25302244285028,16.8011608578062],[-93.2507671100892,16.8013351982336],[-93.2505718111126,16.8013222518508],[-93.2504420859593,16.8013133940786],[-93.2502382245263,16.8012838244112],[-93.2500652795975,16.8012424291032],[-93.2498491287291,16.8011773182609],[-93.24965455996971,16.8011093017435],[-93.2495341100326,16.8010502045465],[-93.2492406812702,16.8015971050471],[-93.24927471476839,16.8017975347143],[-93.2490862715678,16.8027574009718],[-93.2504448774028,16.8029590565208],[-93.25005565407942,16.8043315997703],[-93.24988888379032,16.8047011197877],[-93.2514294474616,16.8057939051401],[-93.252892667206,16.8067963895749],[-93.25368699876081,16.8073082540429],[-93.2537226079974,16.8072741456552],[-93.25391054636849,16.8073144295294],[-93.25376794930712,16.8078211867111],[-93.2536167789286,16.808521958905],[-93.25419408189671,16.8087594908468],[-93.2543967074485,16.8082455939848],[-93.25579300836,16.8085655744371],[-93.2565639807803,16.8088024057815],[-93.2562092580395,16.8099583658058],[-93.25808001553,16.8105554687492],[-93.2581913987861,16.8102403782007],[-93.25778116548,16.8092513917244],[-93.2579635344315,16.8087859806423],[-93.25877883908132,16.8091302665528],[-93.258643102583,16.8094131698078],[-93.25905076922149,16.8096174037908],[-93.2592105573579,16.8093860334243],[-93.259356935495,16.8095338901392],[-93.25944479348578,16.8096358195562],[-93.2595086807465,16.8097454493155],[-93.2595726463782,16.8099608515981],[-93.2596293346626,16.8101232099524],[-93.25967986997951,16.8102200434452],[-93.25975175080272,16.8102939801528],[-93.2607249788535,16.8111719858517],[-93.2610811316286,16.8116154818355],[-93.2613500687003,16.8119574265464],[-93.2614172634655,16.8121030658286],[-93.2615764703095,16.8121944800844],[-93.2617178952433,16.8122588412481],[-93.2618507839936,16.8122994687716],[-93.2622850464835,16.8126385697938],[-93.2624332439797,16.8128068205716],[-93.26248835790068,16.8129749861198],[-93.2625572190264,16.8132295934248],[-93.26270202723921,16.8134110719449],[-93.2632188895232,16.8138872409392],[-93.2660565065263,16.815180993975],[-93.2674418730767,16.8166724663735],[-93.26820843177092,16.8173210673882],[-93.2696817480316,16.8175145845138],[-93.2706307508284,16.818058098507],[-93.272210585567,16.8187214161674],[-93.2737772428585,16.8190904436494],[-93.27556189045909,16.8193005455252],[-93.27694880371702,16.8192545803698],[-93.27878764102539,16.8192142932322],[-93.2794432393404,16.8178592540582],[-93.2791082573506,16.8165767509171],[-93.27947038569569,16.8159695034329],[-93.27901653298291,16.8150995748076],[-93.279583662512,16.8137236972454],[-93.2807148157387,16.8141627859686],[-93.28061659906149,16.8148241232737],[-93.2815864350513,16.814993147956],[-93.2824624654803,16.809743388887],[-93.28055388812139,16.8067971740912],[-93.2812330545115,16.8051434540714],[-93.28456907608408,16.8057345516013],[-93.2850990996331,16.8030522156941],[-93.28696427658471,16.8033532732191],[-93.2875249800639,16.8023992770231],[-93.28510761214429,16.8014868134605],[-93.2851909597823,16.8011295033413],[-93.283464927793,16.8004720527982],[-93.2834387099237,16.8016527504173],[-93.28443815266421,16.8020974015092],[-93.2842848534236,16.8026925759833],[-93.2787483806405,16.8016495178014],[-93.2789003769522,16.8006878449582],[-93.2792744170576,16.8006993585699],[-93.2793064306614,16.8001442885898],[-93.2788042129852,16.8000038923437],[-93.2789926091839,16.7991089487749],[-93.2793430885052,16.7984677900408],[-93.2796557981953,16.7979606967175],[-93.28056485550199,16.7982368414461],[-93.28065401692301,16.7978697050496],[-93.2815779526133,16.7981266359422],[-93.281617769389,16.7977501111661],[-93.2823059504418,16.7978753383498],[-93.2830106052925,16.7979219846721],[-93.2841249881852,16.7982979086483],[-93.2855835391128,16.7988462636372],[-93.2854775345889,16.7992423722517],[-93.28618526666712,16.7998498344843],[-93.28608690775499,16.8000940214579],[-93.2851000732349,16.7996653052526],[-93.2846799767486,16.800343967867],[-93.2865985184402,16.8010580836609],[-93.28831954203402,16.8016122982915],[-93.2889929627462,16.7997109000371],[-93.2879495699439,16.7993447167022],[-93.2883583416471,16.7989246287627],[-93.2885451504054,16.7986447335986],[-93.28866511297932,16.7984933275057],[-93.28954866604171,16.7986143395756],[-93.289645475256,16.7982440765567],[-93.28630076525758,16.7970268481733],[-93.2849194297301,16.7964656193728],[-93.2832631886862,16.7956234209949],[-93.2822773974461,16.7953974540032],[-93.2815217445935,16.7953097773806],[-93.28129238580141,16.7962157385052],[-93.2812074241309,16.7970901663692],[-93.28104312531049,16.7971027798182],[-93.28034000349571,16.7969773128032],[-93.2797789664435,16.7968787607338],[-93.2802132465301,16.7949693026488],[-93.28041781998179,16.794437316259],[-93.2823423841748,16.7942450248594],[-93.2826063467339,16.793228939654],[-93.2814028597143,16.7927466497229],[-93.2814883120702,16.7924965246888],[-93.284529116213,16.7935973116688],[-93.28623785875682,16.7944773268802],[-93.28700741899891,16.7949082624941],[-93.2868600664528,16.7955551003209],[-93.2876726054346,16.7958775863204],[-93.28779850716799,16.7957119424584],[-93.2881258167954,16.795832411762],[-93.2885424577192,16.796000018164],[-93.2882098463537,16.7968970900361],[-93.2889933263681,16.7971355842685],[-93.28935142788289,16.7964416775003],[-93.28947609420581,16.7954387103228],[-93.2893739433797,16.7953298219155],[-93.2863841018377,16.7941632659971],[-93.2848995418478,16.7934673779905],[-93.28521763237539,16.7925311108957],[-93.2852518373612,16.7922602010859],[-93.2833336268104,16.7914850739666],[-93.2838203437674,16.7900899022631],[-93.2829495018572,16.7894537745811],[-93.28368326220689,16.789351696735],[-93.2845175559849,16.7888828813993],[-93.285375316246,16.7892014958438],[-93.285991047498,16.7891274495562],[-93.28652778812548,16.7894310901681],[-93.2875643441829,16.7890264949713]]]}},{"type":"Feature","properties":{"name":"BERRIOZABAL_A","description":"<table><tr><td>Name</td><td><b>AER_TUXTLA_01</b></td></tr></table>","distrito":"TUXTLA"},"geometry":{"type":"MultiPolygon","coordinates":[[[[-93.38106672999999,16.75560953],[-93.38536916520547,16.75011281432369],[-93.38495402756328,16.74978059545757],[-93.38452034985843,16.74948037521845],[-93.38414364596335,16.74929487764131],[-93.38351574665083,16.74937441517388],[-93.3830388310014,16.7494392649578],[-93.38322124998929,16.75013765954062],[-93.38174423610282,16.75037838673123],[-93.38203525269851,16.75155379944802],[-93.37981821954119,16.75237667352019],[-93.3792612216463,16.75154454885483],[-93.3791777884091,16.75088277163308],[-93.37879853018045,16.74899763803787],[-93.37827160863081,16.7490640471339],[-93.37809942161326,16.74811695099999],[-93.3775768136829,16.74819956891231],[-93.37720558304505,16.74607104805954],[-93.37845199943915,16.74582938043115],[-93.37940785294285,16.74560743783109],[-93.37962409612807,16.74553537412685],[-93.37940207598126,16.74420137071892],[-93.37940102955524,16.74405719458939],[-93.37912022950748,16.74408831506576],[-93.37904611359843,16.74374056550686],[-93.37861853512553,16.74382236247102],[-93.37689729028192,16.74412397675441],[-93.37678331253673,16.74331471337032],[-93.37637540469694,16.74334338498592],[-93.37469001537357,16.74361115100405],[-93.37417698995371,16.74042325072305],[-93.37238708292664,16.74058637866121],[-93.37247542021487,16.74133732126835],[-93.37143335574163,16.74099163226662],[-93.36957260391208,16.74116647920464],[-93.36934122391892,16.74118128376233],[-93.36923450345677,16.74102476316234],[-93.36895260369893,16.74066280550366],[-93.36701245998995,16.7395506927212],[-93.3663161246707,16.73990110844005],[-93.36547928242896,16.74041882416986],[-93.36561620394988,16.74121027291207],[-93.36582543719781,16.74147031096756],[-93.3654785534135,16.74151946241495],[-93.365526973742,16.74197518829147],[-93.36465960165233,16.7423477515248],[-93.36533598605882,16.74399872342118],[-93.36560737847861,16.74392685692203],[-93.36638299139373,16.74462022994267],[-93.36496222954118,16.74554055730755],[-93.36554902829381,16.74609048631814],[-93.3660998081472,16.74672515688533],[-93.36621630291015,16.74719038667115],[-93.36635573541471,16.74760581383499],[-93.36656551528785,16.74840572334979],[-93.36674313326498,16.74862506231635],[-93.36703538082716,16.74863896525311],[-93.36724539949743,16.74984728574663],[-93.36827386831106,16.74977049723241],[-93.36958136523737,16.75145588382491],[-93.3698196153979,16.75142281802588],[-93.37053738653331,16.75364966279869],[-93.37064634381271,16.75403070483188],[-93.36916749462812,16.75367315393899],[-93.36853891301544,16.75405317305606],[-93.36838377049567,16.75411356936129],[-93.36871944249019,16.75448652188689],[-93.36631718039659,16.75488634851369],[-93.36583570723276,16.75531900384895],[-93.36569371757724,16.7552045834484],[-93.36451196519761,16.75548519940002],[-93.36375872101529,16.75606295667338],[-93.36341964696396,16.75576165495226],[-93.36192756328684,16.75462733148417],[-93.35985407378885,16.75599748940676],[-93.35992301661513,16.7561667733344],[-93.3606413927429,16.75614142412426],[-93.36130236355135,16.7562164921594],[-93.36159711188539,16.75686415929998],[-93.36115531546281,16.75784567760264],[-93.36144744722961,16.75824068183585],[-93.36224491469817,16.75854319691005],[-93.36300938153278,16.75830018063321],[-93.36345359362635,16.75886654666746],[-93.36397018288294,16.75858728686289],[-93.36400476326014,16.75945007923704],[-93.36422434504513,16.75977511592239],[-93.36515852508467,16.75952466883857],[-93.36524522934116,16.76004185553141],[-93.36559471295112,16.76016362485324],[-93.36585161469299,16.76069188609742],[-93.36612476926149,16.76116743545017],[-93.36677631928339,16.76140926675308],[-93.36716879707703,16.76173459089816],[-93.3665315621573,16.76234642490052],[-93.36649151328376,16.76382534129638],[-93.3674152584117,16.76468368351626],[-93.36772494574166,16.76563092918738],[-93.36782233225902,16.76589064055562],[-93.36835916669956,16.76664007842153],[-93.36904102703946,16.76734080525919],[-93.36924395251442,16.76772367413382],[-93.36967301404377,16.76800601191862],[-93.37012099786688,16.76836007443819],[-93.37072029397967,16.76823131804253],[-93.37108540607743,16.76848509514338],[-93.37173948307739,16.76824313201757],[-93.37174816602672,16.76846908409209],[-93.37093516161637,16.76957559964771],[-93.37103117874831,16.76981009295949],[-93.37221760365077,16.76975837660605],[-93.37283069835811,16.76973303599041],[-93.37306901178944,16.76996288301004],[-93.37325897629978,16.77004872920311],[-93.37332064190473,16.77096020724045],[-93.3739499076455,16.77070999158656],[-93.37416809089277,16.77050977538392],[-93.3745991222926,16.77057593062308],[-93.37667067904657,16.76953843499797],[-93.37701666,16.77036471],[-93.37726851,16.77106733],[-93.37761811383518,16.7713468377123],[-93.37832779188642,16.77078982273544],[-93.37848167168771,16.77112769577177],[-93.3792009505881,16.77068580379018],[-93.38023489200634,16.77028480655955],[-93.38265533789469,16.76966250665498],[-93.38318733326942,16.77087408662276],[-93.3837225067944,16.77181876309013],[-93.38528003806707,16.7712033479097],[-93.38519887090678,16.77045481124462],[-93.38564325497529,16.77015870764266],[-93.38576467130373,16.76994549712172],[-93.38468009048351,16.76950562329944],[-93.38300756475081,16.768729631795],[-93.38263967280092,16.76742526869313],[-93.38212313861982,16.76752878100238],[-93.38184941707559,16.76662496456652],[-93.38177999828976,16.76576064413146],[-93.3816225730614,16.76518676912886],[-93.38205915980217,16.76499607592473],[-93.3816605005618,16.76430308623374],[-93.38336306036462,16.76380279705381],[-93.38302450618843,16.76227239035914],[-93.38483947207307,16.76191841716091],[-93.38409084097549,16.75879118903028],[-93.382961013169,16.75913918487516],[-93.38106672999999,16.75560953]]]]}},{"type":"Feature","properties":{"name":"BONANZA","description":"BONANZA","distrito":"TUXTLA"},"geometry":{"type":"Polygon","coordinates":[[[-93.1540576069225,16.7389087489561],[-93.1540414240958,16.7396297547292],[-93.15471535136338,16.7396760851361],[-93.15555585997359,16.7397488366944],[-93.155726380157,16.7399120869653],[-93.1558116172554,16.7399349391828],[-93.1558593726974,16.7395006791674],[-93.15816880645819,16.7397423181177],[-93.158451031953,16.7398297154151],[-93.1584407371727,16.740123555474],[-93.1582054647195,16.7401104843943],[-93.1580929847587,16.7408927529635],[-93.15817481751921,16.740984180578],[-93.1582190520006,16.7414283452448],[-93.1590320300944,16.7414732119658],[-93.1603045675862,16.7415646037406],[-93.1603671860236,16.7415176891864],[-93.1627363713022,16.7413217595933],[-93.1649541093095,16.7413714480884],[-93.1659628680807,16.7415881695801],[-93.1658602721602,16.7419683202217],[-93.1655881448237,16.7419597919412],[-93.165516811575,16.7425151680505],[-93.165147308543,16.7438836488647],[-93.1655354249272,16.7439818732947],[-93.1653614591522,16.7447165972163],[-93.16555773880958,16.7447251354362],[-93.165789720086,16.7451213467331],[-93.1679570050395,16.7432677768054],[-93.1684635330461,16.7430246333808],[-93.16962103909042,16.7429164980257],[-93.17023299173339,16.74344867363],[-93.1703986535156,16.7494986715482],[-93.17149243523869,16.7494475033447],[-93.17226236466152,16.7503656022405],[-93.1723447875533,16.7513987732035],[-93.1730199088138,16.7520751299303],[-93.1734875122409,16.7521806381648],[-93.1760992207937,16.7521277283065],[-93.1757640877727,16.7379960044812],[-93.1759780167913,16.7379831588799],[-93.1760213662059,16.7377623407667],[-93.17652934246311,16.7377375661672],[-93.1765327557467,16.7376991401123],[-93.17714439132618,16.7377886355752],[-93.17717067361312,16.7380204255626],[-93.1775251337493,16.7380614189044],[-93.17785099451861,16.7379956648515],[-93.17840434175972,16.7380147425915],[-93.17882130287411,16.7374914511205],[-93.1791499807465,16.7375570038566],[-93.180281120219,16.738013112705],[-93.18031538868982,16.7379583678359],[-93.18146446626268,16.7380374000682],[-93.1814501672588,16.7381633653571],[-93.18185088993651,16.7386545243505],[-93.18204082837141,16.7389939113073],[-93.18225805177322,16.7391060821326],[-93.1823096108458,16.7393331876227],[-93.18312371105299,16.7395015681918],[-93.1838553972477,16.7396155918722],[-93.1844069734372,16.7396318144277],[-93.1843813964526,16.7401895865642],[-93.1843673219637,16.7406548863278],[-93.18433026469332,16.7409668840171],[-93.1849506890231,16.7411549864238],[-93.18499641418879,16.7410154174296],[-93.1855224043741,16.7411849175969],[-93.1854938516864,16.7414477423131],[-93.1850386081768,16.7423233370177],[-93.1860096120181,16.7427910102783],[-93.1861428876211,16.7427213310763],[-93.1863307133334,16.7428082764882],[-93.18623988194912,16.7430026457676],[-93.186246041389,16.7432667219217],[-93.1861370752322,16.7434614785755],[-93.1859006459189,16.7433662284305],[-93.1856068764668,16.7438410844996],[-93.18542212265109,16.744015246565],[-93.1849217754047,16.7442151390064],[-93.184637175224,16.7445574910628],[-93.1843974146901,16.7448415254817],[-93.1839278342593,16.7446936865535],[-93.1838552172308,16.7447806502358],[-93.18362283099108,16.7454450821668],[-93.18419427903669,16.7469868649321],[-93.18424193137528,16.747403596016],[-93.1842260985318,16.7476013442404],[-93.1853400353493,16.7479683014284],[-93.1851907579594,16.7483944957997],[-93.1852961593035,16.7505955469216],[-93.1851882950015,16.751333437336],[-93.1850881093057,16.7514114305546],[-93.18510206306989,16.752051147579],[-93.18523320525881,16.7523522410262],[-93.1855590721846,16.7527471389867],[-93.185287478786,16.7532844525342],[-93.1865259815265,16.7540530399003],[-93.1867841249765,16.7552421395256],[-93.190516056492,16.7555019158876],[-93.1906489155446,16.7558911754009],[-93.1919020345781,16.7557575507993],[-93.1920413198746,16.7557025308127],[-93.19494937612319,16.7576121216295],[-93.18828391163191,16.7645764126023],[-93.1949933381657,16.769142398061],[-93.1936237746464,16.7707831590413],[-93.1923539931491,16.7714540954267],[-93.1891425791331,16.7728870082462],[-93.19073894597861,16.7738121791688],[-93.19186913708421,16.7748406281339],[-93.19337275664398,16.7763944828368],[-93.1936078951221,16.776600950972],[-93.1947504925597,16.7770698897922],[-93.1953867132527,16.7769368417797],[-93.19574443435651,16.7769747667418],[-93.1963937479553,16.7771204828893],[-93.19676999980452,16.7759056454059],[-93.1970813387164,16.7758865411514],[-93.19745893021978,16.7757658881678],[-93.198274590303,16.7738755206209],[-93.1984800313673,16.7738085069439],[-93.19973277675558,16.7720581073227],[-93.19610097750072,16.7699421922475],[-93.20092458861052,16.7636933353869],[-93.2010388860118,16.7625583008313],[-93.2009826146918,16.7623595020059],[-93.20088982486199,16.7621080971942],[-93.20147659789822,16.7616791079365],[-93.20129097544418,16.7610024889736],[-93.2007423098398,16.7608910565799],[-93.20036386502468,16.7607950478596],[-93.20017852176139,16.7606102484593],[-93.1999776661611,16.760462455095],[-93.20148925564911,16.7581614410056],[-93.2024764377046,16.7583870399108],[-93.20238556061258,16.7568551218648],[-93.2027104527792,16.7563305275496],[-93.2026483308182,16.7510715775473],[-93.2019800766278,16.7507952172296],[-93.20069801697008,16.7477093608239],[-93.2002220874336,16.7462749607296],[-93.20226193274029,16.7446980789136],[-93.2016213026779,16.7437741635134],[-93.2005412671158,16.7429602727976],[-93.2010089918422,16.7417178265706],[-93.19871341508609,16.7417198894541],[-93.198808668031,16.74086901832],[-93.1990226474574,16.7390308529838],[-93.1987224082576,16.7386619006259],[-93.19861489689089,16.7385631894323],[-93.19835498840999,16.7384688219079],[-93.197620233564,16.7386704245802],[-93.1982608904698,16.7376024409015],[-93.1983915857444,16.7370238568573],[-93.19860141620471,16.7360356216138],[-93.1977510475658,16.7356059747034],[-93.1971527216028,16.7353389682549],[-93.195891966833,16.7362726274429],[-93.193882084501,16.7368693880546],[-93.1936439274776,16.7373534842324],[-93.1941891774694,16.7393021644222],[-93.1938487922255,16.7404079445813],[-93.19121576277252,16.738999695444],[-93.1908814034594,16.7388625335173],[-93.1914257747134,16.7382311039662],[-93.1908715996446,16.7380299513991],[-93.18975381185871,16.7376831811645],[-93.1902216157901,16.736467060717],[-93.1905179803601,16.736400541469],[-93.1914832564962,16.7327117122149],[-93.19372442899511,16.7329524488297],[-93.19408751899579,16.7294133840001],[-93.19278499258081,16.7300845580838],[-93.1905722389489,16.7307692762765],[-93.18967601000939,16.7308634194972],[-93.1890738178587,16.7310379562619],[-93.1896056067831,16.7297502836718],[-93.1900815863848,16.729066066553],[-93.19052965473318,16.7287038286979],[-93.1902073375316,16.7281157103982],[-93.19062696682892,16.7263317110316],[-93.1907804582445,16.7246064459193],[-93.18994003957688,16.7241775164735],[-93.1897438847907,16.7238825156788],[-93.18958976259339,16.7235875308602],[-93.189379590609,16.7233327280835],[-93.1887774250329,16.7232122256282],[-93.1878919424522,16.722757446846],[-93.1856764904726,16.7216049126554],[-93.1860985203832,16.7196161413818],[-93.1880011771586,16.7197350093741],[-93.1876092777244,16.7181391838454],[-93.1825376744376,16.7166665073431],[-93.18280072952878,16.7147640768361],[-93.1782880653099,16.7136881089277],[-93.1796728489549,16.7113163190556],[-93.1815533905793,16.7122450201201],[-93.1815997085921,16.7121132079784],[-93.18224696525009,16.7106632018803],[-93.1808298921283,16.7082839994995],[-93.1790884702862,16.7069156811256],[-93.18143924421942,16.704018498916],[-93.18094168352651,16.7036144531737],[-93.1738815358538,16.6992599880542],[-93.1736497245856,16.6991468703067],[-93.1735860883496,16.6990467856014],[-93.1734451339875,16.6989248945949],[-93.1730906623627,16.6987639371079],[-93.17314520669362,16.6986594518579],[-93.1718216824428,16.6979348501777],[-93.1718489476862,16.6977999824777],[-93.16839177930422,16.695746690003],[-93.16913217866389,16.6944701123909],[-93.1685823756423,16.6942439540065],[-93.1679282311512,16.6956596859913],[-93.1658820869217,16.6949299199991],[-93.1635660317872,16.6949892185795],[-93.16252433561459,16.692802779436],[-93.1623676386432,16.6924838691003],[-93.162413717958,16.6890528592587],[-93.16262902113522,16.6881897803136],[-93.1574210191565,16.6902960333209],[-93.1549755555508,16.6903145022219],[-93.1547974950445,16.6904637219137],[-93.154927388064,16.6915168413074],[-93.1536772146378,16.6935251987681],[-93.1545181683745,16.6952200373902],[-93.1557091709578,16.6951452516934],[-93.1561861392492,16.695639747651],[-93.1567631199191,16.6959998219489],[-93.15749213444909,16.6960263294321],[-93.15809325228959,16.6959687476004],[-93.15817637570228,16.695521443903],[-93.1606617598875,16.6956450322783],[-93.16234700452651,16.6952202256774],[-93.1631467854693,16.6949809524532],[-93.163474379197,16.6950456674451],[-93.1640052316641,16.6959517364428],[-93.16361783455662,16.697723760412],[-93.16365024013,16.6982508438534],[-93.1637380098083,16.6988244068185],[-93.1639319708757,16.6994590288683],[-93.1640014601326,16.7011563211031],[-93.1640570350773,16.7019710853417],[-93.163983267968,16.7025987585358],[-93.1638799453292,16.7028418155298],[-93.16370006493,16.7033904300511],[-93.1637093609895,16.7036644869044],[-93.1639355943635,16.7044076695645],[-93.1641758317522,16.7056136023597],[-93.1644436172758,16.7063142200358],[-93.1647352884108,16.7070677169296],[-93.1653985505442,16.7085787744209],[-93.1661183639493,16.7098618316262],[-93.16157343399489,16.7088191098866],[-93.1612252617517,16.7094710452385],[-93.1540214991079,16.7123471525959],[-93.15883963409439,16.715909179209],[-93.1616173956264,16.7113882654011],[-93.1638205023567,16.7120315720114],[-93.1642044004981,16.7114913485132],[-93.16485253899091,16.7120313725606],[-93.1674677170656,16.7130646065213],[-93.1675876881079,16.7129496463829],[-93.1680437253864,16.7131219553194],[-93.16797195914639,16.7143977255889],[-93.16796000353132,16.7143977471407],[-93.1672639098703,16.7141219751174],[-93.1656635821652,16.7151005521786],[-93.1653757731743,16.7161463556236],[-93.1639539449621,16.7162083215895],[-93.1625038111761,16.7177425759509],[-93.1617503542868,16.7177581217386],[-93.1579279376556,16.7187024201428],[-93.1584403668142,16.7203032716545],[-93.16242564867,16.7209917665767],[-93.160839487206,16.7232623325559],[-93.1602494928954,16.7238517774527],[-93.1601525736199,16.7251288856328],[-93.1597038556945,16.7264133843715],[-93.1572715489052,16.72554873637],[-93.15698188918319,16.7272147625025],[-93.15746846098078,16.7282586642447],[-93.1572114220331,16.7285761917343],[-93.1569982400858,16.7298147102517],[-93.15616637699848,16.7313696653683],[-93.15535315537129,16.7332429445182],[-93.1563223658319,16.7339962563404],[-93.1561492724498,16.7365281790018],[-93.1534926261942,16.7357637357048],[-93.1524339002019,16.736903779906],[-93.15218484117179,16.7387081907321],[-93.1540576069225,16.7389087489561]]]}},{"type":"Feature","properties":{"name":"CENTRAL DE ABASTOS","description":"","distrito":"TUXTLA"},"geometry":{"type":"Polygon","coordinates":[[[-93.0814240268551,16.7769523542487],[-93.08136725138158,16.7764373953574],[-93.0812914503646,16.7763334276781],[-93.0811132610909,16.7751048314619],[-93.08083834757959,16.7730834864733],[-93.08058041099031,16.7730269148652],[-93.0804983172147,16.7724037749889],[-93.0805084347143,16.7721562252479],[-93.08051100099888,16.7716735754721],[-93.0805338047538,16.7704370056596],[-93.0805844576876,16.7691036857238],[-93.0805730408074,16.7690832881873],[-93.0805489107631,16.769075213296],[-93.08023488982,16.7697358921477],[-93.0797452406452,16.7702314093881],[-93.0796296317555,16.7701670614249],[-93.07980851883681,16.7695775434106],[-93.0799759721544,16.7690854279403],[-93.0801117694727,16.7685237348904],[-93.0801065017666,16.7679052398937],[-93.079816295435,16.7665236702185],[-93.0796563415735,16.7661156210428],[-93.0794802031851,16.7654616943115],[-93.0790184932668,16.7648714417295],[-93.07902395057009,16.7646084593865],[-93.07836372595,16.7642805738989],[-93.07787496288759,16.7640172048393],[-93.0776428627278,16.7644404999577],[-93.07667184164151,16.7639480526914],[-93.07595123610578,16.7635916024784],[-93.0758968209903,16.7635451271009],[-93.07586926640849,16.7633887353468],[-93.07507934481539,16.7634384903238],[-93.0749925427385,16.7624231216215],[-93.0749381214325,16.7616823540278],[-93.0748215972474,16.7603638439934],[-93.0747447055299,16.7593150145986],[-93.0729446366249,16.759459915731],[-93.0710607537996,16.7595997720215],[-93.0705748915472,16.7596345285061],[-93.07046962190908,16.758531790328],[-93.07028872116241,16.7565386508322],[-93.07018920295262,16.755419070985],[-93.07011100771471,16.7544488630576],[-93.07010034724101,16.754169760882],[-93.06990757010162,16.7541875071646],[-93.0696177773153,16.7534349146303],[-93.06796064568348,16.753517946355],[-93.0678698287962,16.7534768090993],[-93.0684972524514,16.7522798486886],[-93.06837950269238,16.7520745099742],[-93.0669237496435,16.7485075376056],[-93.0664858718439,16.7474413733272],[-93.06630117475872,16.7469921164623],[-93.0668953845165,16.7467096815062],[-93.06721483398262,16.7466188281223],[-93.0677833055658,16.7458210759221],[-93.06862306247791,16.7464342945764],[-93.0687373951658,16.7462746176362],[-93.0696074205372,16.7450598047255],[-93.07055478667621,16.7438052785271],[-93.0712268334477,16.7430219252379],[-93.0721815909555,16.7434931067211],[-93.07226670735591,16.7433236751038],[-93.07245185165219,16.7431212194907],[-93.0725812271834,16.7430153377642],[-93.0727778940373,16.7428899770676],[-93.072910698247,16.7428300898581],[-93.0733958580409,16.7426691258683],[-93.0739655264696,16.7424816178901],[-93.074500666319,16.7423172311902],[-93.07554231567381,16.7419990571253],[-93.07598192694492,16.7418641314486],[-93.0764208020286,16.7417408824815],[-93.0761630132979,16.7415996390868],[-93.0759646807572,16.7415258924924],[-93.075851757144,16.7415140008106],[-93.0757030195278,16.7415125065894],[-93.07543153406391,16.7415568825624],[-93.07510140191991,16.7415739209219],[-93.0749726666825,16.7415568936829],[-93.0748454991941,16.7415224529958],[-93.07462760553389,16.7414079151567],[-93.0745373727031,16.7413781380202],[-93.0737099445368,16.7415801802941],[-93.0733384141025,16.7416822354945],[-93.07298610934839,16.7417095204472],[-93.0725059226838,16.7417163808716],[-93.07213254150362,16.7416343464596],[-93.0717193797234,16.741528036939],[-93.0714431472191,16.7414034455057],[-93.07106516640738,16.7411928583718],[-93.0699100578151,16.7404789514299],[-93.06858829712851,16.7396250677087],[-93.06824488085601,16.7394295125692],[-93.0677512328203,16.7391153355209],[-93.06665863989821,16.7397841369426],[-93.0664220140747,16.7400864315855],[-93.0654455399135,16.7394226543366],[-93.06430758305592,16.7386209382634],[-93.0635131929705,16.738070038724],[-93.0627105996119,16.7375037822003],[-93.0622082167158,16.7371707155636],[-93.06177387197252,16.7369143042869],[-93.0613499072131,16.7366935583479],[-93.06180213183481,16.7359391712587],[-93.0619823325994,16.735739463398],[-93.0625641209725,16.7350471264119],[-93.0617125747755,16.734653049808],[-93.06205215845202,16.7342051575096],[-93.06243493832099,16.7337165749616],[-93.0623474571865,16.7336615860058],[-93.0625754462352,16.7334416580139],[-93.0627884105278,16.7334377239579],[-93.06305899941812,16.73313020339],[-93.0634001235974,16.7332997789852],[-93.0644403194099,16.7338473248415],[-93.0652522111738,16.7342734535465],[-93.06551428917301,16.7343511155815],[-93.0660778838826,16.7331284603854],[-93.0661619123835,16.733027033597],[-93.0667195116281,16.731927939491],[-93.06692463171669,16.7315239427976],[-93.0672864266457,16.7307481182806],[-93.0676301333076,16.7310120720924],[-93.0679876713914,16.7311313579832],[-93.0687959858037,16.7314231008072],[-93.0696363789915,16.7319211266825],[-93.0700559035567,16.732143706835],[-93.0706659940481,16.7324070541713],[-93.0715578971613,16.7329068289404],[-93.07173405549328,16.7330055856636],[-93.07229889831291,16.7331441568238],[-93.0723057146626,16.732740828624],[-93.0723996941521,16.7312709049274],[-93.072460905685,16.7307638525936],[-93.0725033468866,16.7304403834192],[-93.0725434388515,16.7301384446453],[-93.07124408911689,16.7299090652886],[-93.0706794997182,16.7298168473022],[-93.07074134846711,16.7293194441722],[-93.0707961009607,16.7288791613384],[-93.0708561384509,16.7282143209011],[-93.0714809826024,16.7283389598543],[-93.0714937647933,16.7282640947277],[-93.07121714580639,16.7280561649362],[-93.0709245528591,16.7278363458356],[-93.0703751262727,16.7273790187874],[-93.0695395707015,16.7266472521507],[-93.0693636528911,16.7264927976291],[-93.0684906182213,16.7257652586557],[-93.0682165966181,16.7255370635242],[-93.06804681809972,16.7253864750222],[-93.0673928149508,16.7265026902041],[-93.0672353643673,16.7266018224174],[-93.0671816711257,16.7268513508697],[-93.0676239905956,16.7274192562509],[-93.06755794177998,16.727531281824],[-93.067784061471,16.7278284712299],[-93.06741215196358,16.7283859580541],[-93.0667560459055,16.7290579093056],[-93.06644630023442,16.7291380712338],[-93.06595169078,16.7298451810886],[-93.06576038394361,16.7297743314952],[-93.0656610955075,16.7300003162161],[-93.06515212954989,16.7300147969959],[-93.06385113204388,16.7292860557937],[-93.06237939167002,16.7290815290817],[-93.0615334801797,16.7285639750268],[-93.060559672279,16.7292650689467],[-93.05887513421348,16.7278129612905],[-93.0579399124012,16.7272549329608],[-93.0576290517088,16.7271698271963],[-93.0574381885958,16.7276736607292],[-93.0560859078401,16.7272535073933],[-93.0554263318653,16.7269523417674],[-93.0547385727712,16.7266025760728],[-93.05493103177959,16.7258434021384],[-93.05417347899728,16.726218376373],[-93.05331230963242,16.7263577306604],[-93.0518319442652,16.7246525866022],[-93.0511855222057,16.7241153901805],[-93.0503362527901,16.7234647037153],[-93.04989472435999,16.7227055744107],[-93.0505812703361,16.722037178],[-93.05029591008682,16.721685263754],[-93.0489375010418,16.7203390968918],[-93.0487528934248,16.720227664509],[-93.0479536269652,16.7196783981657],[-93.04777748211151,16.7198501344176],[-93.04747857867791,16.7195765672874],[-93.04707345633129,16.7190673986935],[-93.0464909509189,16.7194926721553],[-93.0464643215088,16.7194481678069],[-93.0461236065215,16.7198517238575],[-93.0456375302361,16.7201070939921],[-93.04420909009562,16.7205732261082],[-93.04281628909351,16.7215198335575],[-93.041648967727,16.7228958960693],[-93.041170075859,16.7234297017543],[-93.0407817976581,16.7233213661827],[-93.0389148408566,16.7244178972203],[-93.0390112341959,16.7248933929036],[-93.0391307899516,16.7254167128738],[-93.0393169278774,16.7259910042298],[-93.03950468042649,16.72672615033],[-93.0396473014741,16.7269650578994],[-93.03949627607619,16.7272621430301],[-93.0417352196451,16.7283883740736],[-93.0431116576665,16.729098357325],[-93.0435363478024,16.7293961812498],[-93.04393445688281,16.7297259011287],[-93.0441591344667,16.7299391062207],[-93.0444142044254,16.7302139328082],[-93.044575420961,16.7304018143071],[-93.04473173016902,16.7306123208074],[-93.0450571025437,16.7311185618315],[-93.0440076991086,16.7317893808353],[-93.04382853248079,16.7322641921412],[-93.04410981864329,16.7329473354153],[-93.0441660144083,16.7331458562263],[-93.04429685996588,16.7333134220579],[-93.04382081048229,16.7336831724098],[-93.04443732752472,16.7344814860738],[-93.0451374618596,16.7353478210359],[-93.0460112778036,16.7347410308414],[-93.04679367729399,16.7342924899451],[-93.0470663878742,16.7348136753706],[-93.0471092180511,16.734970684905],[-93.0470837673216,16.7351460563158],[-93.04705048634058,16.7352490302657],[-93.0469886185367,16.7353582861743],[-93.0468887361702,16.735470671576],[-93.04673809334119,16.7355876173566],[-93.04683836607958,16.7356844668831],[-93.046490993691,16.7359347522173],[-93.04611805917212,16.7362021146628],[-93.0459565022916,16.7363126244904],[-93.0455587466977,16.7365283336755],[-93.04528405918809,16.7366398878767],[-93.04493727704902,16.7367333368396],[-93.0445109917857,16.7369953714066],[-93.0440758578235,16.7373404776576],[-93.0440218453643,16.737557135365],[-93.04394280998932,16.7386330858994],[-93.0444370123529,16.7392600345891],[-93.044797089605,16.7389470413092],[-93.0448972918904,16.7389712693935],[-93.0455393524074,16.7397326203759],[-93.0459246804819,16.7394544613982],[-93.04581687091,16.7393027698127],[-93.0465253752379,16.7387388009948],[-93.0481064753681,16.7406161858731],[-93.0493818210153,16.7421281850154],[-93.0503980211305,16.7433371609225],[-93.0511074713936,16.7441729858379],[-93.05166295035832,16.7448218581449],[-93.052608836356,16.745953296223],[-93.0525690552676,16.7459860716526],[-93.05316926188098,16.7466775416774],[-93.0526631151365,16.7471009713],[-93.05366846860451,16.7483117005872],[-93.0541187290095,16.7478984412495],[-93.0539619822367,16.7476173703397],[-93.0534290133117,16.7469769797731],[-93.0536820756381,16.7467865911541],[-93.0541302661986,16.7474381180287],[-93.0551858137283,16.7487439739136],[-93.0559079350585,16.7495730511635],[-93.05668104891271,16.7505014209308],[-93.0571836176876,16.7510179137892],[-93.0584431382156,16.7522115041291],[-93.0573197541869,16.7530737124795],[-93.06138208467928,16.7597920175433],[-93.0651427624514,16.7658197462467],[-93.0652496337344,16.7657353624759],[-93.0655043790825,16.7652215831243],[-93.0661129155927,16.764832131529],[-93.067818522361,16.7647163466911],[-93.0684374364455,16.7648188999653],[-93.06970101534499,16.7651302151209],[-93.0702989599905,16.7654055723101],[-93.0704557320387,16.7655337463704],[-93.071208721557,16.7654942854117],[-93.0716505086982,16.7653213818614],[-93.0726200498775,16.7650887419842],[-93.07703524025,16.7656820712787],[-93.07714199936879,16.7662627230728],[-93.07547701106242,16.7661404655295],[-93.0740447465112,16.7668676870569],[-93.07327669477729,16.7670308219044],[-93.0725061105804,16.7674646667416],[-93.07213351529779,16.7684733446005],[-93.0711568326933,16.7684844806138],[-93.0704253985753,16.7687525096441],[-93.07034664576351,16.7706895604748],[-93.0748960038586,16.7706813765932],[-93.0745750771656,16.7732820778272],[-93.0749358605354,16.7761115929656],[-93.07824016749362,16.7763581134402],[-93.07879782399958,16.775977598043],[-93.078975784977,16.775481469122],[-93.0795729118196,16.7754630510397],[-93.0798837301563,16.7760035129219],[-93.0800767086358,16.7769632750248],[-93.0810000547507,16.7774830610228],[-93.0811756430984,16.7774721945667],[-93.08117397899409,16.7773242875386],[-93.0814240268551,16.7769523542487]]]}},{"type":"Feature","properties":{"name":"CENTRAL DE ABASTOS_2_A","description":"<table><tr><td>Name</td><td><b>CHIAPA DE CORZO</b></td></tr><tr><td>Description</td><td /></tr><tr><td>Address</td><td /></tr><tr><td>Phone Number</td><td /></tr><tr><td>CLUSTER</td><td><b>CHIAPA DE CORZO</b></td></tr><tr><td>NOMBRE OFICIAL</td><td /></tr><tr><td>CIUDAD</td><td><b>TUXTLA</b></td></tr><tr><td>REGION</td><td><b>SUR</b></td></tr><tr><td>PROVEEDOR</td><td /></tr><tr><td>TECNOLOGIA ACCESO</td><td /></tr><tr><td>FASE</td><td><b>ok</b></td></tr><tr><td>COBERTURA</td><td><b>CLUSTER NUEVO</b></td></tr><tr><td>TIPO_CIUDAD</td><td><b>CIUDAD EXISTENTE</b></td></tr><tr><td>TIPO</td><td /></tr><tr><td>CASAS PASADAS VENDIBLES</td><td><b>19571</b></td></tr><tr><td>LIMITE DE CLUSTER</td><td><b>CENTRAL DE ABASTOS</b></td></tr><tr><td>EN CONSTRUCCION</td><td /></tr></table>","distrito":"TUXTLA"},"geometry":{"type":"MultiPolygon","coordinates":[[[[-93.03111813824016,16.73962423919977],[-93.03092229311571,16.73974933661701],[-93.03098598442385,16.73985306662761],[-93.03114097030524,16.73986469003444],[-93.03129020877742,16.73995558925628],[-93.0312721185548,16.74014967857097],[-93.03114685159072,16.74030314888316],[-93.03074392818591,16.74074465441105],[-93.03016972235066,16.7407040818875],[-93.02975416000169,16.74087899708611],[-93.02893033809525,16.74118014188044],[-93.02841333189079,16.74108738029442],[-93.02798862438752,16.74061679330196],[-93.02707183850403,16.74000133453731],[-93.02624233626274,16.7397450589696],[-93.02433956464023,16.73940551896886],[-93.02344345623277,16.73939633357865],[-93.02184198984556,16.73976558592526],[-93.02118122730036,16.73977923773884],[-93.02066731329315,16.7396521017344],[-93.0200904733359,16.73937772775281],[-93.01970084019429,16.73904156517783],[-93.0191455904633,16.73829914773191],[-93.0202077406032,16.73734904950653],[-93.01902684295354,16.73579956861711],[-93.02039981926501,16.73576750897028],[-93.02045646030034,16.73496040656575],[-93.01893646012745,16.73489734552899],[-93.01895272701307,16.73437519807127],[-93.01894999629502,16.73383430752838],[-93.01888823268817,16.73341051983134],[-93.0187927094815,16.7334014763757],[-93.01862305385296,16.73389415297517],[-93.01836745573081,16.73440103329719],[-93.01815762293397,16.73497575234588],[-93.01798847922987,16.73495793914999],[-93.01749510297437,16.7355148494242],[-93.01714865173356,16.73462175959374],[-93.01707626163373,16.73311054708639],[-93.01724343694212,16.73248938503361],[-93.01795827872853,16.73044443658523],[-93.01740521902381,16.73037807019659],[-93.01578922043049,16.73008586534365],[-93.01433700621139,16.72993773757838],[-93.01410573796768,16.72925037048373],[-93.01411034554195,16.72829738675001],[-93.01393365059742,16.72827161895146],[-93.01380322121214,16.72788439564135],[-93.01366876892284,16.72721691573939],[-93.01343223522225,16.72650181758022],[-93.01344052130491,16.72591959795863],[-93.0133487633373,16.72563885615207],[-93.01300969055721,16.72529134902893],[-93.01239155902894,16.72505227972645],[-93.01187974017272,16.72479835411981],[-93.01040495136459,16.72887931045184],[-93.01012339311812,16.72887246574577],[-93.0096874278545,16.73035199851058],[-93.00990973661276,16.73077616339516],[-93.01066251282795,16.73137745511309],[-93.01151693440974,16.73191886503055],[-93.01225297352252,16.73233341213048],[-93.01245215344845,16.73144257603525],[-93.01263649721452,16.73142988784679],[-93.0131582474485,16.73143366008838],[-93.013113407453,16.73084797562718],[-93.01339876663278,16.7308250780941],[-93.0134994771159,16.73067145720182],[-93.01356644003783,16.73056067438877],[-93.01363417606845,16.73053885597005],[-93.01378410682995,16.73055264133553],[-93.01367865561804,16.73084472284283],[-93.01399937458075,16.73087162749561],[-93.01402629146975,16.73106814569315],[-93.0138736493427,16.73158444833274],[-93.0157127112026,16.73186594030558],[-93.01602033201593,16.7344879986156],[-93.01630884441172,16.73570357594093],[-93.01674176238171,16.73629189622228],[-93.01595641441543,16.73723950111984],[-93.01619198129593,16.73744174276818],[-93.01606925014329,16.7376371966688],[-93.01574810281029,16.73798082771988],[-93.01599882055845,16.73821132936769],[-93.01571165574117,16.73848360245602],[-93.01544179395103,16.73867968365889],[-93.01550842339003,16.74004826694232],[-93.01566942907078,16.73996144603271],[-93.01664836309958,16.73857980927446],[-93.01740118141095,16.73942593760211],[-93.01662179703482,16.74010714970593],[-93.01715261613505,16.7405236016739],[-93.0165823029564,16.74135380804039],[-93.01688277538258,16.74149430534828],[-93.01826759261868,16.74203962854752],[-93.01913927578997,16.74184247760049],[-93.01906353881125,16.73970058050245],[-93.01962863449417,16.74040420611457],[-93.0196638993077,16.74216734293702],[-93.02027634009495,16.74241702884756],[-93.02057232338565,16.74180941167819],[-93.02208637471261,16.74118415873276],[-93.02231077572766,16.7423351641111],[-93.02262150593559,16.74230072189039],[-93.02272411816516,16.74263198650601],[-93.02283948231312,16.74353318359176],[-93.02185036958018,16.74374909386889],[-93.02112454616415,16.74371018519179],[-93.01991893084141,16.74353520297832],[-93.02007633060414,16.74513244535257],[-93.02069814183241,16.74884595690805],[-93.0235031962673,16.7489134555396],[-93.02348458643817,16.74861578327041],[-93.02482446055477,16.7483177492797],[-93.02420685035845,16.74512533110735],[-93.02399237648837,16.74413869444552],[-93.02347482348463,16.74053273180265],[-93.02379513928136,16.74059989361221],[-93.02393129708145,16.74066029965033],[-93.02433180037796,16.74094635496509],[-93.02513975858415,16.74156716640895],[-93.02532944864899,16.74295349080133],[-93.02657053530535,16.74323246044711],[-93.0265896208439,16.74361735695968],[-93.02838923,16.74414322],[-93.02907604000002,16.74313612],[-93.02945243,16.74215848],[-93.0319371,16.74279473],[-93.03325924999999,16.74303469],[-93.03414727948982,16.74283564720434],[-93.03389139647211,16.74201482997999],[-93.03383517538106,16.74144213463952],[-93.03349844011397,16.74099234580975],[-93.03288359093827,16.74056840772247],[-93.03233083992633,16.74032084219526],[-93.03184208282178,16.74005215453824],[-93.03184796909214,16.73988306181925],[-93.03158298522676,16.73970465761717],[-93.03111813824016,16.73962423919977]]]]}},{"type":"Feature","properties":{"name":"CENTRAL DE ABASTOS_3_A","description":"<table><tr><td>Name</td><td><b>CHIAPA DE CORZO</b></td></tr><tr><td>Description</td><td /></tr><tr><td>Address</td><td /></tr><tr><td>Phone Number</td><td /></tr><tr><td>CLUSTER</td><td><b>CHIAPA DE CORZO</b></td></tr><tr><td>NOMBRE OFICIAL</td><td /></tr><tr><td>CIUDAD</td><td><b>TUXTLA</b></td></tr><tr><td>REGION</td><td><b>SUR</b></td></tr><tr><td>PROVEEDOR</td><td /></tr><tr><td>TECNOLOGIA ACCESO</td><td /></tr><tr><td>FASE</td><td><b>ok</b></td></tr><tr><td>COBERTURA</td><td><b>CLUSTER NUEVO</b></td></tr><tr><td>TIPO_CIUDAD</td><td><b>CIUDAD EXISTENTE</b></td></tr><tr><td>TIPO</td><td /></tr><tr><td>CASAS PASADAS VENDIBLES</td><td><b>19571</b></td></tr><tr><td>LIMITE DE CLUSTER</td><td><b>CENTRAL DE ABASTOS</b></td></tr><tr><td>EN CONSTRUCCION</td><td /></tr></table>","distrito":"TUXTLA"},"geometry":{"type":"MultiPolygon","coordinates":[[[[-93.04093386550136,16.7353976979604],[-93.04113832265011,16.7358078512838],[-93.0400394091386,16.73555244895115],[-93.03702579457946,16.73690645376184],[-93.0369020720807,16.73681151940914],[-93.03633780646976,16.73705619714023],[-93.03619891667604,16.73744446489641],[-93.03608948124216,16.73760882312553],[-93.03602702839818,16.73763579327656],[-93.03522768328975,16.73742624995801],[-93.03506470075271,16.73787417994326],[-93.03465219893643,16.73841116165691],[-93.03452936510598,16.73836441729742],[-93.03430125066974,16.73884638917551],[-93.03422763030662,16.7392957068794],[-93.03427363433966,16.73969568329263],[-93.03436154278215,16.73995543943381],[-93.03447307373332,16.74035536373909],[-93.0344762042821,16.74063172211363],[-93.03448180343294,16.74083908436666],[-93.03458277190379,16.74107263545915],[-93.03456481735418,16.74137238499885],[-93.03503432632118,16.74268687992446],[-93.03634470000001,16.74242246],[-93.03673188,16.74236945],[-93.04427471000001,16.75052407],[-93.04607538644024,16.7489022569677],[-93.04649125963377,16.74927823388653],[-93.04683689520874,16.74902754588653],[-93.04799145347789,16.75022225771869],[-93.04983244500058,16.75228003559286],[-93.0501042446344,16.75250435720882],[-93.05027547140037,16.75286550508159],[-93.05289672,16.75444815],[-93.05326266363785,16.75416214819139],[-93.05220283658099,16.7526463935718],[-93.05398056020533,16.75143290795817],[-93.05478415575193,16.75249393350817],[-93.05449035203645,16.75307873755421],[-93.05458159566815,16.75324965431072],[-93.05515025662677,16.75286756848734],[-93.05603696288306,16.75231098546342],[-93.05682048,16.75345975],[-93.05841554,16.75217837],[-93.05787518999999,16.75162025],[-93.05766021999999,16.75144953],[-93.05733031999999,16.75114411],[-93.05699525000001,16.75082822],[-93.05685818,16.7506859],[-93.05667419000001,16.7504772],[-93.05634695093696,16.75010492770588],[-93.05608332,16.74976622],[-93.05603288,16.74970324],[-93.05566437781454,16.74928208838356],[-93.05535961255157,16.74895690002771],[-93.05491402519424,16.74843126683846],[-93.05407582315004,16.74742097382073],[-93.05366496659742,16.74680837804079],[-93.05345374511523,16.74698653269901],[-93.05398282271855,16.74761496538314],[-93.05412762444088,16.74789078344669],[-93.05366456520227,16.74831954901531],[-93.0526593799249,16.7470950615144],[-93.05316127908416,16.7466631522228],[-93.05256400102921,16.74597439339234],[-93.05259740507866,16.7459372778975],[-93.04653365958215,16.73878236706436],[-93.04584842806419,16.73930597636542],[-93.04593095749786,16.73946031667314],[-93.04552851997536,16.73976416474492],[-93.04517425944277,16.73933220328897],[-93.04488179390309,16.73897675030593],[-93.04481219374074,16.7389257383088],[-93.04444722935962,16.73927041217402],[-93.04391339177354,16.73864869604572],[-93.04402282900926,16.73760175660244],[-93.04408719985491,16.73730300018616],[-93.04452345662604,16.73697169977699],[-93.04493893,16.73676167],[-93.04505433,16.73674304],[-93.04532282,16.73667857],[-93.04556093,16.7365762],[-93.04581384,16.73643358],[-93.04604818,16.73629247],[-93.0463229,16.73611899],[-93.04674997999999,16.73576627],[-93.04685285786944,16.73569577318874],[-93.04677911026619,16.73563401716346],[-93.04696110229165,16.73541256992386],[-93.04709097611413,16.73514032105532],[-93.04706292482949,16.73492881460504],[-93.04680766967455,16.73437692730317],[-93.04596548224947,16.73479187762097],[-93.04515486786877,16.73535159949099],[-93.04410001589366,16.73409733614347],[-93.04337556383982,16.73455934060892],[-93.04294142787911,16.73398531102154],[-93.04093386550136,16.7353976979604]]]]}},{"type":"Feature","properties":{"name":"CENTRAL DE ABASTOS_A","description":"<table><tr><td>Name</td><td><b>CHIAPA DE CORZO</b></td></tr><tr><td>Description</td><td /></tr><tr><td>Address</td><td /></tr><tr><td>Phone Number</td><td /></tr><tr><td>CLUSTER</td><td><b>CHIAPA DE CORZO</b></td></tr><tr><td>NOMBRE OFICIAL</td><td /></tr><tr><td>CIUDAD</td><td><b>TUXTLA</b></td></tr><tr><td>REGION</td><td><b>SUR</b></td></tr><tr><td>PROVEEDOR</td><td /></tr><tr><td>TECNOLOGIA ACCESO</td><td /></tr><tr><td>FASE</td><td><b>ok</b></td></tr><tr><td>COBERTURA</td><td><b>CLUSTER NUEVO</b></td></tr><tr><td>TIPO_CIUDAD</td><td><b>CIUDAD EXISTENTE</b></td></tr><tr><td>TIPO</td><td /></tr><tr><td>CASAS PASADAS VENDIBLES</td><td><b>19571</b></td></tr><tr><td>LIMITE DE CLUSTER</td><td><b>CENTRAL DE ABASTOS</b></td></tr><tr><td>EN CONSTRUCCION</td><td /></tr></table>","distrito":"TUXTLA"},"geometry":{"type":"MultiPolygon","coordinates":[[[[-93.02243051203206,16.71726980722795],[-93.02342945374222,16.71658629578432],[-93.02394356321398,16.71582380719449],[-93.02168643974409,16.71454268809732],[-93.02151180663984,16.71473664289487],[-93.02126338433858,16.71481259876066],[-93.02124224135203,16.71481260045202],[-93.02089337157062,16.714681006366],[-93.02049162348203,16.71428617393455],[-93.02002650504848,16.71452414165453],[-93.01960893404596,16.71449380005893],[-93.01945564269634,16.71441281409891],[-93.01894591088286,16.71389772651614],[-93.01816102284212,16.71324898436407],[-93.01699812688219,16.71253020643551],[-93.01776440841022,16.71156266274832],[-93.01795448842498,16.71173476967292],[-93.01838259237927,16.71135506359905],[-93.01836143334756,16.71113738401283],[-93.01836141980945,16.71096020166829],[-93.01856755006098,16.71086400213419],[-93.0187631147486,16.71083867602737],[-93.01896924978043,16.71079816170455],[-93.01914316072133,16.7109854565482],[-93.0200100295885,16.71138025408557],[-93.01994135361214,16.71181055935178],[-93.02090866187976,16.71228443030748],[-93.0208759891193,16.71188549806787],[-93.02089502805624,16.71173952021299],[-93.0209712168125,16.71153879691717],[-93.02100296136878,16.71144755940483],[-93.02231760448169,16.71229897464539],[-93.02261201734913,16.71197331118448],[-93.02243418777604,16.7118383282645],[-93.02379300147827,16.70992835566572],[-93.02365328009392,16.70982597578404],[-93.0241231571392,16.70928460531962],[-93.02355158424481,16.70897596469318],[-93.02249104091798,16.70875710049219],[-93.02163663435857,16.70833744193173],[-93.02070633470916,16.70784974612969],[-93.01988707307486,16.70714426366456],[-93.01917077120979,16.70659852661061],[-93.01668099500127,16.70441095751843],[-93.01393726552695,16.70224756243269],[-93.01288908748685,16.70197848347996],[-93.01221749358923,16.7014070092069],[-93.01178789049595,16.70048481094696],[-93.01154691,16.69964467],[-93.01089993385533,16.69746384510457],[-93.00815824574849,16.69832456421941],[-93.0080887177272,16.69843695051512],[-93.00728242099616,16.69936776202938],[-93.0068427766002,16.70005481872739],[-93.00649201965139,16.70001728590218],[-93.00638439278215,16.7005261694941],[-93.0048938456725,16.70026341919013],[-93.00462956506597,16.70070533904466],[-93.00399346708427,16.70171293668644],[-93.00368385819249,16.70210895928286],[-93.00302385837966,16.70287922285101],[-93.00267496026838,16.70337425864067],[-93.00238478951057,16.70301224791528],[-93.00173210038345,16.70269408222591],[-93.0015436345183,16.70305664564225],[-93.00046393623857,16.70247195188105],[-93.0009172202692,16.70147957442395],[-93.000133071688,16.70100432512657],[-92.99981733409203,16.70076636914005],[-92.99945492789246,16.70024209828953],[-92.99951044887212,16.69997290932972],[-92.99829952357706,16.70024539472295],[-92.99810087055609,16.7007851619806],[-92.99747281460446,16.7019757974149],[-92.99872529,16.70261136],[-92.99942282007723,16.70217936642916],[-92.99977577277974,16.70307404553029],[-93.00005870632307,16.70362697933678],[-93.0007873071867,16.70379931590136],[-93.00068668071152,16.7040485643681],[-93.00312185409709,16.70459580312317],[-93.0029748702605,16.70521300289519],[-93.00352767342214,16.70544332271277],[-93.0037100710056,16.70575509363162],[-93.00333685651381,16.7058787264908],[-93.00312639845275,16.70567177494777],[-93.00260237490835,16.70585432765335],[-93.00229900244622,16.70594217177969],[-93.00188980152372,16.70601875227786],[-93.0008232393781,16.7064712516286],[-93.00099348420895,16.70680407964251],[-93.0003890568694,16.70727918853413],[-93.0001241281929,16.70703528879819],[-92.99931013764783,16.70785718475206],[-92.99851548064375,16.7081051718135],[-92.99776264302348,16.70756059394793],[-92.9975040819203,16.70753424095868],[-92.99674667651702,16.70777659461758],[-92.99659814654137,16.70761851720619],[-92.9950491967101,16.70857541902979],[-92.99492817351022,16.70841207187346],[-92.99405556452945,16.70901797859222],[-92.99297784119082,16.70741578267405],[-92.99027340004204,16.70919515118753],[-92.99090493279782,16.71012770773123],[-92.99142085325057,16.71060486228631],[-92.99136744635139,16.71110807973217],[-92.99160762950301,16.7111421740579],[-92.99153195476865,16.71209527383537],[-92.99011282151635,16.71186628809205],[-92.99001509489834,16.71314003295195],[-92.98730929658812,16.71282459499267],[-92.98578579679187,16.71265406822322],[-92.98440230337656,16.71386921922615],[-92.98522073883775,16.71431161575793],[-92.9853363983423,16.71417956503398],[-92.98589233473729,16.71479467409661],[-92.98639480252812,16.71521539805552],[-92.9869596789074,16.71546252554408],[-92.98702194122647,16.71557755188204],[-92.98422977296052,16.71737746148224],[-92.98392447975313,16.71763349529141],[-92.98366201211152,16.71795723226994],[-92.98246491276736,16.72066686393774],[-92.98149441394104,16.72284048253332],[-92.9808260182925,16.72437528068336],[-92.98040350318307,16.72385977020424],[-92.9802701088059,16.72343801154556],[-92.97935004706174,16.72394122850093],[-92.97895854190308,16.72444812566038],[-92.97836662086635,16.72471034048734],[-92.97790841725323,16.72500422606663],[-92.97750405159834,16.72516059399974],[-92.97680117578841,16.72558224717148],[-92.97657892279072,16.72608679842335],[-92.97588954780093,16.72539232211524],[-92.97528005188802,16.72597586472346],[-92.97474249552636,16.72654819330809],[-92.97449112462678,16.72636219414007],[-92.9743398458831,16.7266135149297],[-92.97405944690925,16.72762736454295],[-92.97524708838807,16.72794976094114],[-92.97526930155578,16.72813872666521],[-92.97543833342426,16.72815578978857],[-92.9755138704041,16.72872194851006],[-92.97526465969055,16.72943759951306],[-92.97499320986564,16.73012261389915],[-92.97520671856995,16.73019506388271],[-92.9753645409203,16.72984791121756],[-92.97726833938685,16.73045308712299],[-92.97752641536907,16.7299248751859],[-92.97822894904036,16.73018876859915],[-92.97838847957027,16.73014927790251],[-92.9787652720969,16.7302862925102],[-92.97933188371208,16.72902921997953],[-92.97946389585724,16.72909771975666],[-92.9800902320614,16.72810475708739],[-92.9804564987624,16.72788803945305],[-92.98011824629124,16.72750745603834],[-92.98042633477714,16.7271466310345],[-92.98032458614377,16.727017845203],[-92.981182835128,16.72596433271437],[-92.98151207413062,16.72552032123035],[-92.98134981615785,16.72539849119485],[-92.98205401113472,16.72451353666143],[-92.98259944899118,16.72384147843922],[-92.98207973220407,16.72296951732994],[-92.98239607905231,16.72244400626974],[-92.98293075742247,16.72199765072719],[-92.98310956450618,16.7216651183032],[-92.98329175386854,16.72158605886054],[-92.9834155275561,16.72149651451429],[-92.9837439911305,16.72118836657512],[-92.9839935985198,16.72099688899242],[-92.98429066844002,16.72063342306165],[-92.9843848663574,16.72052776519937],[-92.9845388954149,16.72040398087395],[-92.98461293570237,16.72028167252536],[-92.98468446324826,16.72008149412246],[-92.98500203199315,16.71969295897292],[-92.9857414536617,16.71929833086642],[-92.9859853599815,16.71921718367008],[-92.98623992038604,16.71901211940905],[-92.98683795281603,16.71831178136673],[-92.98709791430007,16.718078694271],[-92.98729183878272,16.71820640474709],[-92.98798523657783,16.71756841436173],[-92.98835692019887,16.71787413583383],[-92.988623590678,16.7177503300269],[-92.98942359570968,16.71747564893811],[-92.98970306467504,16.71743310307782],[-92.98994533999999,16.71749287],[-92.99009995,16.71758333],[-92.99025219,16.71775032],[-92.99037378,16.71784945],[-92.99047050999998,16.71791552],[-92.9906139,16.71796662],[-92.99089200999998,16.71795879],[-92.99094765,16.71794562],[-92.99124708,16.71782247],[-92.99184726000001,16.71750418],[-92.99222252,16.71731438],[-92.99241342999998,16.71707427],[-92.99251533,16.71684412],[-92.99253292,16.71653284],[-92.99244717,16.71573787],[-92.99241590999999,16.71549233],[-92.99237951,16.7153142],[-92.99233946000001,16.71497049],[-92.99212676000002,16.71463874],[-92.99162952115664,16.71398608016503],[-92.99250736999998,16.71326485],[-92.9937179710989,16.71217969465235],[-92.99382282776986,16.71238868239177],[-92.99427534949076,16.7119978796746],[-92.99452987017759,16.71223006343529],[-92.99501469195792,16.71227264931169],[-92.99617148780806,16.71115478558878],[-92.99556144034977,16.71069090651898],[-92.99591698867845,16.71035813932535],[-92.99619505422544,16.71013673136837],[-92.99656269693935,16.71042695984546],[-92.99713237302157,16.71003615492774],[-92.99691421463164,16.70975754085085],[-92.9976821817087,16.70973618232115],[-92.99785995787019,16.70941888495856],[-92.99902426309829,16.70939667797166],[-92.99904850878112,16.70919546243347],[-93.0000302629667,16.70924578625191],[-93.00014870901585,16.7088711913367],[-93.00160931999999,16.70919899],[-93.00170304532129,16.70850418481752],[-93.00284987363779,16.70928871449514],[-93.00308016132743,16.70931193253744],[-93.00349615666896,16.70966406162896],[-93.00409005758137,16.70890949996777],[-93.00601351999998,16.71062175],[-93.0065740367602,16.71112851744617],[-93.00704270398835,16.71152707330095],[-93.00773177180619,16.71204000835732],[-93.0084576290141,16.71246296697528],[-93.00961155331721,16.71300936421553],[-93.00907825731895,16.71345824574442],[-93.0112010693984,16.71541180773089],[-93.0106930192958,16.71650457274272],[-93.0102000971689,16.71633432750237],[-93.00994962594511,16.71713920156671],[-93.0112934280281,16.71873522952791],[-93.011285355467,16.71894118272256],[-93.01169345041549,16.71943646874636],[-93.01181061501804,16.7193087693808],[-93.01198432544507,16.71874785205204],[-93.01208533498313,16.71877493482788],[-93.01297006902762,16.71666887238774],[-93.01436372596035,16.71731115056389],[-93.0152986816357,16.71800013902544],[-93.01499514674701,16.71912047893018],[-93.0157349211033,16.71916629535773],[-93.01629249861435,16.71932491359731],[-93.01636521533861,16.71918173615012],[-93.01723146237701,16.71940075708827],[-93.01691638074529,16.72034535914576],[-93.0172719842762,16.72105772214539],[-93.01738918335346,16.72145240942815],[-93.01694854874918,16.72237568079674],[-93.01662132211669,16.72306331092167],[-93.01658903790747,16.72364480986544],[-93.01625367859256,16.72360613449244],[-93.01624159479694,16.72417455938616],[-93.01634667883485,16.7246590912699],[-93.01643557106301,16.72469004229951],[-93.01649218536991,16.72540234204456],[-93.01636292129383,16.72587056435761],[-93.01814316250164,16.72614899734591],[-93.01796718089561,16.72784447834231],[-93.01590558936545,16.72737380857027],[-93.01577876179712,16.72795092620801],[-93.01660868787714,16.72815843357624],[-93.01643429609676,16.72888527504518],[-93.0163074976775,16.7299027079124],[-93.01580588926028,16.72980315131453],[-93.01579791265011,16.73009411394496],[-93.01791912000441,16.73044619660293],[-93.0181217965059,16.72973601144288],[-93.0181537507597,16.72937996394669],[-93.01951506090009,16.72912978089321],[-93.01940307952135,16.72856231643581],[-93.01933080304866,16.72793686326547],[-93.0194125369077,16.72732773058263],[-93.0186143535909,16.72743684066907],[-93.01891031070706,16.72667524198901],[-93.01931197806468,16.72580954918524],[-93.01960961320843,16.72497644220454],[-93.01975752811187,16.72387410557404],[-93.0198238242255,16.72367376492342],[-93.02002992624381,16.72309242051946],[-93.02046857072105,16.72209510051881],[-93.02130194427853,16.7198761803578],[-93.02136527679771,16.71883060861037],[-93.02158709517215,16.71682479624359],[-93.02243051203206,16.71726980722795]]]]}},{"type":"Feature","properties":{"name":"ESTADIO","description":"","distrito":"TUXTLA"},"geometry":{"type":"MultiPolygon","coordinates":[[[[-93.11261171265659,16.7530428609633],[-93.1019275423996,16.751422292321],[-93.0832030024562,16.747361358712],[-93.08221637213549,16.7500100916505],[-93.0825981809981,16.7510893941536],[-93.0812488603259,16.7557389341635],[-93.0772510388189,16.7526889249051],[-93.0737514670809,16.7528994386068],[-93.07373976503699,16.7527408947697],[-93.0694455942925,16.7529523609221],[-93.0696144463262,16.7534278891651],[-93.0699887937761,16.7542608540042],[-93.0700785209256,16.7544633144184],[-93.0703040169278,16.7567136763118],[-93.0705696654501,16.7596343777052],[-93.0720195070411,16.7595148525236],[-93.0747746717944,16.7593035496905],[-93.0750499532806,16.7626197009486],[-93.0751159859548,16.7634196586732],[-93.0758138175148,16.7633965856882],[-93.07587612099599,16.7635920463066],[-93.0776166340462,16.7644729511947],[-93.0778761688177,16.7640986831558],[-93.0786917615143,16.7644677651565],[-93.07902726447941,16.7646070250167],[-93.0790098928824,16.7648355566091],[-93.0794191320613,16.7652324316721],[-93.0795535353613,16.7657292874369],[-93.080104251116,16.7678995054568],[-93.0800274375184,16.7690404748725],[-93.079751894944,16.770080322744],[-93.0798464165984,16.7701288539356],[-93.080015271401,16.7700157401921],[-93.0806538079665,16.7690092116567],[-93.0805619525607,16.7719640124614],[-93.0805448095681,16.7730122096206],[-93.0807406294172,16.77304458238],[-93.0812282172313,16.7761406389026],[-93.0813706254084,16.7770866147472],[-93.0811577630567,16.7773711565229],[-93.081019288036,16.7774713764515],[-93.0809512368242,16.7774848032987],[-93.08117488043742,16.7784349212937],[-93.0814987774882,16.7791620468087],[-93.0844394789088,16.7818218024177],[-93.0847511971765,16.7818737132659],[-93.08491220888541,16.7815562655024],[-93.0851437593549,16.7812686582686],[-93.0855242519492,16.7806610941659],[-93.0860916890105,16.7799386826492],[-93.08802150982771,16.7767728369059],[-93.08823883757178,16.7759345884163],[-93.0882228145995,16.7756892525807],[-93.0884973944675,16.774447767095],[-93.0907705246882,16.7747876814201],[-93.0897601080239,16.778501561355],[-93.0916854509264,16.778794568877],[-93.0916171598029,16.7808398041978],[-93.0932439613999,16.7808646653016],[-93.0931101450706,16.783543924402],[-93.097297216336,16.7838731796894],[-93.0972243495694,16.7841895781216],[-93.10376304884622,16.7853784792081],[-93.10405197086311,16.7846796780371],[-93.10388663972138,16.7836828975012],[-93.10500775388232,16.7812519857576],[-93.1057399180153,16.7814931435019],[-93.10612746532699,16.7812355416855],[-93.1063907206233,16.7798770395859],[-93.1078113141221,16.7806255565029],[-93.1075395895433,16.7816601009969],[-93.1084232076715,16.7817711426547],[-93.1085433173412,16.7812707866015],[-93.1104237309365,16.7819448309158],[-93.1120474114849,16.782408012453],[-93.11260803612652,16.7827802145476],[-93.11292577798959,16.7818278835067],[-93.1125883117376,16.7815836705151],[-93.1125575261357,16.7813041549152],[-93.1132727060194,16.7786762142315],[-93.1143083870366,16.7786701803843],[-93.1144360343877,16.7766428582659],[-93.1146295775363,16.7757393376489],[-93.11517233773698,16.7739550252864],[-93.11618191414419,16.7719947277245],[-93.1128642393838,16.7705968423199],[-93.11410676685469,16.7647457884187],[-93.1155935128233,16.7569297518802],[-93.1142938752211,16.7567359421465],[-93.1143174392445,16.7566564288728],[-93.1119352008755,16.7562316261232],[-93.11261171265659,16.7530428609633]]]]}},{"type":"Feature","properties":{"name":"ESTADIO","description":"","distrito":"TUXTLA"},"geometry":{"type":"Polygon","coordinates":[[[-93.1126143507822,16.7530421265391],[-93.11193512594959,16.7562340539094],[-93.1143127422742,16.7566572843443],[-93.1145173555738,16.7559352409673],[-93.1140040579577,16.7558111950559],[-93.114055858867,16.755546104987],[-93.114187725151,16.7547749099073],[-93.1159512582591,16.7550707344838],[-93.11622903110029,16.7535934473659],[-93.1126143507822,16.7530421265391]]]}},{"type":"Feature","properties":{"name":"FLAMINGOS","description":"","distrito":"TUXTLA"},"geometry":{"type":"MultiPolygon","coordinates":[[[[-93.19209309020628,16.7715874909542],[-93.19368441117888,16.7707555303777],[-93.1949867756158,16.7691676850684],[-93.18828465225621,16.7645643725054],[-93.1919186564601,16.7608457390722],[-93.1949683010793,16.7576226470878],[-93.1921358380819,16.7557524556948],[-93.1920597418573,16.7557111520581],[-93.19191715208311,16.7557765196509],[-93.1912783980114,16.7558480288787],[-93.1906273842607,16.7558956973603],[-93.1904970402463,16.7555097492148],[-93.1867771036562,16.755261022579],[-93.18651088275249,16.754058013379],[-93.1853071001263,16.7532996787038],[-93.1855468484122,16.7527620045356],[-93.18525243289791,16.7523497245808],[-93.1850289051507,16.7519165876164],[-93.1851659342153,16.7514112013747],[-93.1851883861078,16.7512967168988],[-93.1852900516738,16.7505599112843],[-93.1852159445351,16.7484263505526],[-93.1853551967935,16.7479643197624],[-93.184224223203,16.7475954407337],[-93.18424725664272,16.7473974461066],[-93.1841946776168,16.7469952468782],[-93.1840937008843,16.7467619727346],[-93.1838000093286,16.7459337014005],[-93.18362815932161,16.7454449628313],[-93.18385293864091,16.7447787856576],[-93.1839213804494,16.7446939540915],[-93.1843966321934,16.7448396132034],[-93.1849227158693,16.7441995943238],[-93.1854146204888,16.7440192648331],[-93.1856080149534,16.7438313058714],[-93.1859005715103,16.7433625360207],[-93.1861453302476,16.7434664823007],[-93.18625499456182,16.7432487934542],[-93.1862467468939,16.7429950091416],[-93.1863345584595,16.7427985743413],[-93.1861455642023,16.7427223968092],[-93.1860136473007,16.7427904042736],[-93.1857948311421,16.7426904316497],[-93.1850399671126,16.7423247255434],[-93.18549496372079,16.7414511040195],[-93.18553089498842,16.7411852475873],[-93.1849947864502,16.7410167215289],[-93.18495497688461,16.7411552876446],[-93.1843269044688,16.7409637287764],[-93.18436743584681,16.74067262098],[-93.1843753937833,16.740236400674],[-93.1844063529665,16.7396307168011],[-93.1838384956232,16.7396123238337],[-93.1830981266108,16.7394950843677],[-93.182310398384,16.7393287995494],[-93.18225983624181,16.7391088328024],[-93.1820421923375,16.7389889994951],[-93.1818513153071,16.7386528262477],[-93.1814570438467,16.7381676101362],[-93.1814710591252,16.7380264256586],[-93.18031202621,16.737961422963],[-93.18028166632809,16.738010517957],[-93.17997341964359,16.737878309667],[-93.1791594235896,16.7375567309577],[-93.1788116648409,16.7374858680579],[-93.1784122584345,16.7380155066295],[-93.17785942415259,16.7379887928817],[-93.1775246614797,16.7380585253363],[-93.1771874568038,16.7380245007899],[-93.1771458844846,16.7377856176179],[-93.1769969882136,16.7377518816726],[-93.17654130077571,16.737694611635],[-93.1765362160119,16.7377388407865],[-93.17601310356679,16.7377576065774],[-93.1759898096508,16.7379915932469],[-93.1757679858187,16.7379998950821],[-93.1761382274821,16.7521229828428],[-93.17350241594362,16.7521820505968],[-93.17295991273011,16.7520268965436],[-93.1723225212517,16.7514120929576],[-93.17224835596662,16.7503807761671],[-93.17144908068379,16.749487586976],[-93.1704079949627,16.7495200876565],[-93.1702066748435,16.7434447775475],[-93.1696233613422,16.742926104411],[-93.1684811096312,16.7430210814584],[-93.1679417094453,16.7432792237884],[-93.1657899342284,16.7451204527599],[-93.1655509832838,16.7447230536988],[-93.1653560267651,16.7447140129802],[-93.1655258752485,16.7439703518103],[-93.1651422874915,16.7438951170312],[-93.1653243750911,16.7432430680342],[-93.1655262211714,16.7425282156216],[-93.16557378863682,16.7419496642396],[-93.1658645185915,16.7419730309029],[-93.1659689976021,16.7415923936347],[-93.16496554496268,16.7413732125405],[-93.16267479324829,16.741310201754],[-93.1603753660227,16.7415190014499],[-93.1602993573071,16.7415700360787],[-93.1590894224497,16.7414689013363],[-93.15821893135971,16.7414261817286],[-93.15817359913,16.7409782057304],[-93.15808850280888,16.7408835353056],[-93.1581955253341,16.7401086720851],[-93.1584369052036,16.7401236266708],[-93.15845522934451,16.7398238043461],[-93.158189437319,16.7397457840761],[-93.156692944156,16.7396017599702],[-93.1558506764838,16.7395040322697],[-93.15579885288481,16.7399399767769],[-93.1557216449694,16.7399142025314],[-93.1555641271687,16.7397564518363],[-93.15475402575642,16.7396637735002],[-93.1540428985754,16.7396243064335],[-93.15405014875688,16.7389113271303],[-93.151328709084,16.7385664005606],[-93.1503153603758,16.7385287703467],[-93.1503007530933,16.74191515628],[-93.14997077742981,16.7419901046373],[-93.1497823269586,16.7423543858329],[-93.14971043383558,16.7431704648387],[-93.1495422896917,16.7448413505055],[-93.1471427040447,16.7446999957577],[-93.14683432208831,16.7446615189603],[-93.14678265963661,16.744253418664],[-93.146936282396,16.7421427379198],[-93.14699220757431,16.7415675948668],[-93.1472563144494,16.741359014042],[-93.1471033548333,16.7404432090767],[-93.1475250849705,16.7397789300862],[-93.1481087207192,16.7389824511392],[-93.1468233546665,16.7385735465169],[-93.1471879880582,16.7381263484901],[-93.14717866609818,16.7377263832273],[-93.14668687836472,16.7375374284557],[-93.14641321780151,16.7376281952315],[-93.145954914758,16.737474392419],[-93.1458679624384,16.7373430353817],[-93.14552675759131,16.7373366569151],[-93.1452935525374,16.7379634552161],[-93.1449054360017,16.7381588748663],[-93.1438871293888,16.7380884017116],[-93.1438125653431,16.7386589608753],[-93.14375240570298,16.7389851250087],[-93.1439331663247,16.7391520936989],[-93.1436801644865,16.739738813689],[-93.1434638115012,16.7397852156481],[-93.1434961410383,16.7393462073501],[-93.14300220528919,16.7393461859113],[-93.142919655399,16.7396409312997],[-93.1426388256009,16.739743007697],[-93.1423976852853,16.7397022111276],[-93.1421555748333,16.7409264490469],[-93.14153107324259,16.7410840774638],[-93.1413920050824,16.7455437406805],[-93.1408164201513,16.7469466654216],[-93.1422532870771,16.7549991829433],[-93.1426481875111,16.7563886315687],[-93.143094418794,16.75722288319],[-93.14353107586129,16.7578122372739],[-93.14603476999818,16.7599996948183],[-93.1462868140445,16.7603618429131],[-93.1462385368611,16.7608908503971],[-93.1404332672783,16.7639591466338],[-93.1376992740214,16.7653904733244],[-93.138174196225,16.765728478515],[-93.1392522425827,16.7660420195691],[-93.1403945702091,16.7654769060493],[-93.14053413504959,16.7669544793275],[-93.14087290056699,16.7704068765642],[-93.1424999937768,16.7698761955471],[-93.14275292421722,16.7697989869254],[-93.143302731553,16.7697315033219],[-93.1436851576129,16.7697025366698],[-93.1440760934041,16.7697219628724],[-93.14414959727121,16.76941238198],[-93.1441344652015,16.7691629153933],[-93.144190016305,16.7690180660395],[-93.14446235501148,16.7687621242412],[-93.1449333975436,16.7687374808197],[-93.14496420713638,16.7681844868232],[-93.1452920672214,16.7681435206074],[-93.1458804459518,16.7683987952556],[-93.14908877687742,16.7694480127396],[-93.1492933737304,16.7684677724936],[-93.15123044534731,16.7688559469826],[-93.1531999470601,16.7693294511877],[-93.15448150960341,16.7701100737524],[-93.1543083924055,16.7711520645405],[-93.1573295755041,16.7716330578633],[-93.1584940449693,16.7718519493638],[-93.15918535396222,16.7719660249964],[-93.15962991947009,16.7721017031481],[-93.160101948648,16.7722863135985],[-93.163775201933,16.7741253886125],[-93.16428577514802,16.7743452890486],[-93.1650179224665,16.7745572638899],[-93.1656901293959,16.7746428769221],[-93.16963776405201,16.774800990343],[-93.16994854818539,16.774842395974],[-93.1701216396795,16.7748800720989],[-93.17032964175722,16.774524785543],[-93.1696614250665,16.774000074835],[-93.1696063025107,16.7737496451701],[-93.16937023878708,16.7735349407535],[-93.16923260635349,16.7735048415336],[-93.16867083970692,16.7730524556884],[-93.16813203076069,16.7725185463022],[-93.1678802639677,16.7723377770839],[-93.16753070807648,16.772021743218],[-93.1670068079586,16.771715248444],[-93.1689552669613,16.7686990589838],[-93.1697576621888,16.7692561963743],[-93.1694966226969,16.7696810823611],[-93.169822891508,16.7698726942128],[-93.170175258392,16.7693270023588],[-93.17097134332849,16.7698310343741],[-93.17143495279322,16.7690936341378],[-93.17321693211649,16.7715978380963],[-93.1733692365867,16.7719212295288],[-93.1734257727152,16.7721836702982],[-93.17343880846468,16.7724662983661],[-93.1733257142014,16.77326855174],[-93.1733169774918,16.7736826905724],[-93.17359106914842,16.7756883267344],[-93.172633871593,16.7758049037154],[-93.17225981390551,16.7758007682971],[-93.17186821072258,16.7757257498125],[-93.1714679934932,16.7755841520559],[-93.1710330149317,16.775363352148],[-93.17073630515861,16.7760315904104],[-93.1703664078644,16.7770000779018],[-93.1721100221833,16.7774206687777],[-93.1709446709159,16.7792530415318],[-93.1713226259489,16.7793315465186],[-93.1713042234524,16.779621561916],[-93.1720886004694,16.7796727218627],[-93.1720364052353,16.7799770792905],[-93.1722145019879,16.7800589999308],[-93.172621435714,16.780497538524],[-93.17272535477261,16.7806342368863],[-93.17296801380309,16.7807986349454],[-93.1730699532277,16.7808442812207],[-93.1728616223849,16.7818332011997],[-93.1728336003379,16.7821170038816],[-93.1728256478596,16.7823219912137],[-93.1730157633743,16.7849614068501],[-93.17303983731578,16.7854846638275],[-93.1730598473946,16.7857070961744],[-93.1731159045742,16.785902650194],[-93.1731919818782,16.7860790613733],[-93.1732949010582,16.7862576747429],[-93.1734191219082,16.7864302324673],[-93.17353930297061,16.7865760337584],[-93.1759882925989,16.7885323474307],[-93.1754228847344,16.7894373316811],[-93.1755205505775,16.790013802896],[-93.1765021815575,16.7906436271258],[-93.1772372040427,16.791066815843],[-93.17789958843312,16.7900247071713],[-93.1776889126527,16.7898130646026],[-93.1775046304046,16.7895266555465],[-93.1779517731311,16.7890789602232],[-93.1779836469148,16.7882932083468],[-93.1789499033645,16.7887261899365],[-93.1793594675973,16.7877470150149],[-93.1797038579099,16.7873287113494],[-93.1799639917851,16.7866956013764],[-93.1801294611396,16.7865795949342],[-93.18021846694111,16.7864738408928],[-93.1810357158015,16.78422722226],[-93.18097127153528,16.7839389034679],[-93.1810632628937,16.7836650104218],[-93.1812156571238,16.783007330196],[-93.18128586312781,16.7829051824245],[-93.1813864706732,16.7828905730279],[-93.18165185717379,16.7829139369606],[-93.18227074459338,16.7832847562862],[-93.1823805739421,16.7828519651644],[-93.1826308397973,16.7822598810787],[-93.1828626430887,16.7823824693536],[-93.1831238373601,16.7817108574325],[-93.1832535029404,16.7813014889229],[-93.18358606371248,16.7803823978023],[-93.18394086095462,16.7806139575367],[-93.1841308257314,16.7800839761875],[-93.1848475014982,16.7803029240564],[-93.185388370699,16.780410591661],[-93.1864035644647,16.7786547632083],[-93.18657963597768,16.7787329249357],[-93.18712103616238,16.7777818419129],[-93.18728425233118,16.7775310209037],[-93.18745606100532,16.7771485816058],[-93.18758986218648,16.7767072811245],[-93.1881782963431,16.7765510322721],[-93.18914894294558,16.7761808482958],[-93.18918952681838,16.7763482414165],[-93.1894444630618,16.7762667978259],[-93.18939805349652,16.7761188615804],[-93.1902246550179,16.775778348074],[-93.1909223264676,16.7764337237307],[-93.191871007012,16.7748436512955],[-93.19071997911,16.7738060621379],[-93.1891327827752,16.7728834907829],[-93.19209309020628,16.7715874909542]]]]}},{"type":"Feature","properties":{"name":"FLAMINGOS_A","description":"","distrito":"TUXTLA"},"geometry":{"type":"MultiPolygon","coordinates":[[[[-93.2066990134228,16.7772567723649],[-93.2063207531281,16.7776943505431],[-93.2072308171177,16.7783272374653],[-93.2070495933167,16.7789712788752],[-93.20694326995701,16.7793183289893],[-93.2068684204444,16.7800161370588],[-93.2061579706577,16.780042533884],[-93.2060144767352,16.7798297506595],[-93.20462374445522,16.7793393672473],[-93.20431642179402,16.7801445620322],[-93.205202901371,16.7803670678412],[-93.2049546662802,16.7815857276415],[-93.2048561775119,16.7820497393443],[-93.2066251600728,16.7822544886826],[-93.2065502494618,16.7827636327698],[-93.2079100899565,16.7828574538426],[-93.2082674429537,16.7829696087543],[-93.2084092956611,16.7837835255944],[-93.2086889896566,16.783843893299],[-93.208547187622,16.7843681641372],[-93.20862204076379,16.784383237685],[-93.2089529857889,16.7839872575831],[-93.2090042466078,16.784043790289],[-93.2099161433526,16.7832036127648],[-93.20929762292091,16.7826152276135],[-93.2098924976623,16.7817620545058],[-93.20919517009241,16.7818206041456],[-93.2082539050936,16.7817584057955],[-93.2083169730869,16.7807872617764],[-93.2085730609733,16.7807910658842],[-93.208640019372,16.7803158089694],[-93.20893196182301,16.7800007263104],[-93.2093534943965,16.780359067156],[-93.2097434961321,16.78002712647],[-93.2084906181738,16.778831011495],[-93.2066990134228,16.7772567723649]]]]}},{"type":"Feature","properties":{"name":"FLAMINGOS_2_A","description":"","distrito":"TUXTLA"},"geometry":{"type":"Polygon","coordinates":[[[-93.19625852501441,16.85037610034388],[-93.19649546806957,16.8498541804719],[-93.19600686108937,16.84974035675098],[-93.19613067398663,16.84946535659893],[-93.19558099294385,16.84945305708201],[-93.19574907617222,16.84865672233207],[-93.19496474093478,16.84877056072594],[-93.19457269643635,16.84790672947748],[-93.19415159598569,16.84693204651838],[-93.19395277738768,16.84653678377524],[-93.19389491525247,16.84582819496393],[-93.19392062978376,16.84549487891341],[-93.19404277619373,16.84493812706041],[-93.19427421195111,16.84433879376772],[-93.19507117227788,16.84456634962533],[-93.19520295842581,16.8440525721889],[-93.19542061214577,16.84405983907378],[-93.19572919450387,16.84398292320314],[-93.19550738944366,16.84302682896054],[-93.19443917665767,16.84315605039422],[-93.1943811489194,16.84287030918448],[-93.19420872214216,16.8428850039296],[-93.19413317606185,16.84147524527693],[-93.1940009965594,16.8414783470746],[-93.19391099205029,16.84070922004257],[-93.19395599289028,16.84068460790771],[-93.19418099746417,16.84068460714018],[-93.19522526764882,16.84003484977432],[-93.19556798348947,16.83973776706167],[-93.19622049092811,16.83954701599191],[-93.19695071041906,16.83930205383669],[-93.19748427902304,16.83872673645752],[-93.19785899617173,16.83914512419515],[-93.19851470281237,16.83852721236287],[-93.19798111556041,16.83808420874267],[-93.19765099478182,16.83843994212323],[-93.1975284957416,16.83840940881736],[-93.19647418305479,16.83748617128374],[-93.19608064305862,16.83708347440225],[-93.19578074204628,16.83669617540141],[-93.19517592645913,16.83610865705901],[-93.19613245612302,16.83528896143641],[-93.19671581738544,16.83452521356855],[-93.19708795069589,16.83416279765559],[-93.19788832070651,16.83496527336584],[-93.19776618078916,16.8351310192968],[-93.19845404641922,16.83558325023578],[-93.19900912078002,16.83493172914426],[-93.19901165688115,16.83518825715566],[-93.19964882697867,16.83527778119084],[-93.19989809762086,16.83546895945118],[-93.2002065530336,16.83506963722645],[-93.20040124735529,16.83519789453704],[-93.20077499699232,16.83475500811516],[-93.20081797247161,16.8345517200876],[-93.20047410675905,16.83457351294604],[-93.20034747553848,16.83455837749591],[-93.20010755533316,16.83447610304029],[-93.19902158222781,16.83400789730049],[-93.19877513446443,16.83394361511014],[-93.19856274539725,16.8338903788161],[-93.19835794090605,16.83379600100518],[-93.19760573073273,16.83316337208431],[-93.1966398438467,16.83249870727267],[-93.19647312134244,16.83238821753069],[-93.19619246391932,16.83204941138588],[-93.19598377694521,16.83177835185101],[-93.195847239958,16.83148310472805],[-93.1957329758486,16.83114630394103],[-93.19541342110305,16.82965980681358],[-93.19566623919935,16.82953451188077],[-93.19583127539121,16.82962525675961],[-93.19603493166767,16.8293294869632],[-93.19620698514993,16.82901355094435],[-93.19546959410425,16.82884887143294],[-93.1955006037208,16.82859114701307],[-93.19516701606301,16.82777778919472],[-93.19497740429374,16.82795928503595],[-93.1948605153459,16.82762127650385],[-93.19434372732033,16.82788208695812],[-93.19472998297779,16.82849378713019],[-93.19436128729322,16.82860901758935],[-93.19456144228437,16.82955788187068],[-93.19419274502013,16.82956576742599],[-93.19436004985262,16.82998589139777],[-93.194328448428,16.83019427296162],[-93.19417394769275,16.83033055356319],[-93.19387547802165,16.83008184083055],[-93.19363126263636,16.83043489291024],[-93.1930483702995,16.82976988738647],[-93.19240930008984,16.82925229267797],[-93.19385949811513,16.82803486766682],[-93.19313557400784,16.82721489526308],[-93.19120748842978,16.82885646436864],[-93.19069314430607,16.82817280327814],[-93.19034200441637,16.82843831680528],[-93.18999500976267,16.82794781411244],[-93.18993437529089,16.82785268761579],[-93.18963401533058,16.82784640297162],[-93.1894890367969,16.82726889864605],[-93.18840849775962,16.82760533590649],[-93.18831370277924,16.8271852091756],[-93.18823997677009,16.82673304952016],[-93.18840853410778,16.82622369003068],[-93.18913538456219,16.82591429116161],[-93.18859818470129,16.82465725158623],[-93.18864033496527,16.82406612259609],[-93.18860526154369,16.8224919919475],[-93.18897750374741,16.82035349652706],[-93.1892537579031,16.81884709772993],[-93.18936495976628,16.8182654419313],[-93.18926015076705,16.81826519981875],[-93.18768492109433,16.81849068387141],[-93.18776948281376,16.81888523967188],[-93.18782912900325,16.81903084277621],[-93.18789772526279,16.81908508826115],[-93.18807070900935,16.81915361105203],[-93.1880766700465,16.81929493645358],[-93.18808858797857,16.81973174037353],[-93.1881346363825,16.82071908034755],[-93.18764522762538,16.82081981312236],[-93.18750840217447,16.82089536836073],[-93.18729263522775,16.82107148818559],[-93.18721895811666,16.82117873261951],[-93.1879082853099,16.82303496671481],[-93.18754033372716,16.82336809928618],[-93.18801439629344,16.82375406272971],[-93.18817471630568,16.82396071418756],[-93.188348422477,16.82401732169172],[-93.18846607957262,16.82420280684284],[-93.188092409368,16.8253059607366],[-93.18722409418592,16.82511452048112],[-93.18697104653658,16.82607508961235],[-93.18795068510155,16.82632589834415],[-93.18702228361269,16.82677291824811],[-93.18787085824002,16.82932622849923],[-93.1866133354573,16.83029869104694],[-93.18681267905183,16.83050041258822],[-93.18645953048953,16.83085476548506],[-93.1868717070525,16.83116496911023],[-93.18590508518963,16.83230929586333],[-93.18618526638204,16.83259247365344],[-93.18672496451077,16.8332919771171],[-93.1872340887284,16.83285306902981],[-93.18754153318787,16.83328977720384],[-93.18999141408824,16.83110335002966],[-93.19051541779663,16.83153404734177],[-93.19072615617135,16.83195383633226],[-93.19101630437117,16.83319559234081],[-93.19176815385393,16.83301059902618],[-93.1924972098902,16.83557812215492],[-93.19277466343824,16.83660970035443],[-93.19268921792941,16.83766189535428],[-93.19219936493455,16.83777092867487],[-93.19244998415442,16.83873747186243],[-93.19139621467893,16.83977875554118],[-93.1920911238343,16.84046477001565],[-93.19253541362458,16.84081216659379],[-93.19272338150984,16.84129192269349],[-93.19254625637718,16.84342074657376],[-93.19177354520151,16.84352918843742],[-93.191672856876,16.84397826871647],[-93.19155106332228,16.84411530175643],[-93.19113988392107,16.84410172790574],[-93.18997250822159,16.84433919155122],[-93.19014973160289,16.84493474326703],[-93.19041676428282,16.84489629775418],[-93.19034823719969,16.84470631299676],[-93.19125094286157,16.8446837070338],[-93.19129118053684,16.8449593861326],[-93.1915511219501,16.84499783753109],[-93.19135260812027,16.84620158570793],[-93.19131243369989,16.84632959022086],[-93.19125102720724,16.84678257343728],[-93.19081853661534,16.84666755290899],[-93.19076890631446,16.84700516395493],[-93.19094141388582,16.8470888493335],[-93.19127697810231,16.84712504033042],[-93.19107113100986,16.84773622157793],[-93.19130959309089,16.84773789978447],[-93.19229463056364,16.84776606053367],[-93.19271251946462,16.84775475370504],[-93.19266525463426,16.84828769977518],[-93.19265361518265,16.8484972672722],[-93.19282586566166,16.84899586282304],[-93.1922839007497,16.8490039025806],[-93.19227129448187,16.84941403702513],[-93.19233851508281,16.84941805826004],[-93.19231924901453,16.84975983872571],[-93.19285873443845,16.84974800224392],[-93.19286222771228,16.8494446422496],[-93.1938298792085,16.84946953801738],[-93.19379003464852,16.849589270828],[-93.19528403567733,16.84991734839652],[-93.19548989893542,16.84982486509228],[-93.19671112437149,16.85097378664166],[-93.1967308047503,16.85257015981937],[-93.19735356891175,16.85290391740764],[-93.19742363208721,16.85261711804857],[-93.19720618022956,16.85247868375004],[-93.19718096344396,16.85205246593341],[-93.19748345264635,16.85169459747871],[-93.19760806984083,16.85157281436129],[-93.19625852501441,16.85037610034388]]]}},{"type":"Feature","properties":{"name":"FLAMINGOS_3_A","description":"","distrito":"TUXTLA"},"geometry":{"type":"Polygon","coordinates":[[[-93.22756623499733,16.87557845525095],[-93.2274613028233,16.87594369055434],[-93.2264958577598,16.875523152072],[-93.22604684277763,16.87597145418815],[-93.22528532492079,16.87540420471434],[-93.224365213036,16.87495893487052],[-93.224640902537,16.87458477804153],[-93.22373091246446,16.87390155914772],[-93.2231769216154,16.87337344836201],[-93.22208449125978,16.87499002181137],[-93.21926079790342,16.87294951394486],[-93.21818876789777,16.87217388831442],[-93.21967114333798,16.87123315449161],[-93.22354126560865,16.86942312107053],[-93.22290211702067,16.86859042314449],[-93.22220687422421,16.86882708025572],[-93.22132102127733,16.86725757323997],[-93.21920825115232,16.86853396026205],[-93.2166613522115,16.87121784943812],[-93.21520454528996,16.87183120935419],[-93.21057810197276,16.86903419640306],[-93.21067001076773,16.86829088321042],[-93.21106622193003,16.86787565245153],[-93.2103301283002,16.86728683550681],[-93.21195187529791,16.86467841544686],[-93.2125063364774,16.86497418700641],[-93.21293677535397,16.86463513149706],[-93.2141194703349,16.86520232820549],[-93.21505192400666,16.8654066670268],[-93.21552489082113,16.86532109900027],[-93.21575624951964,16.8650320701775],[-93.21467150996892,16.86430260770883],[-93.20931045527763,16.85942476014064],[-93.2026384984863,16.85491677739914],[-93.20168726637664,16.85583019585033],[-93.19760709796093,16.85157535315649],[-93.19749465120412,16.85167769055695],[-93.19829167872716,16.85239478883054],[-93.19948193760713,16.85369558778935],[-93.19930718640381,16.85628837589432],[-93.20462428919753,16.8591405283738],[-93.20384223723498,16.86125805520036],[-93.20175531861992,16.86070568034642],[-93.20111136154985,16.86510277590828],[-93.20307587675008,16.8660575347561],[-93.20150214487155,16.86936409465467],[-93.20322915419584,16.87163657271957],[-93.2014911839375,16.87448229580248],[-93.20293440791502,16.87650412677579],[-93.20474196588965,16.87718893644973],[-93.20617259506588,16.87586953115271],[-93.2066255140876,16.87607275755549],[-93.20647405119948,16.87632052549584],[-93.20693849519255,16.87671142726015],[-93.20627900795336,16.87766635298884],[-93.20800191055311,16.87871362669724],[-93.20853834294287,16.87909719694818],[-93.20891375792152,16.87866202830536],[-93.20872518659264,16.87854887014615],[-93.20906531883308,16.87773253906855],[-93.20932797044004,16.87790831656681],[-93.20969890321712,16.87745623237559],[-93.21045570118785,16.8766165730469],[-93.21131625648941,16.87735853913422],[-93.2129998597317,16.87853148218619],[-93.21214943302435,16.88015699244964],[-93.21330029381964,16.88049558346455],[-93.21527357869499,16.87955840855444],[-93.21707614969999,16.8805163705323],[-93.21851489725259,16.8812403062994],[-93.22044818155926,16.87792469870601],[-93.2221052102993,16.87815692296064],[-93.22276206031114,16.87840891116081],[-93.22537642581439,16.87981537158888],[-93.22700531341378,16.87754297573097],[-93.22735725826308,16.87735651365202],[-93.22798825671528,16.87760705764711],[-93.22844266770386,16.87710468731509],[-93.22860075364633,16.87609490757538],[-93.22756623499733,16.87557845525095]]]}},{"type":"Feature","properties":{"name":"SABINITO","description":"","distrito":"TUXTLA"},"geometry":{"type":"Polygon","coordinates":[[[-93.1202627614823,16.7309151801529],[-93.11886487083,16.7306596034811],[-93.1185401528524,16.7316053873308],[-93.1175989198227,16.7314490691201],[-93.11765885010502,16.7311072586614],[-93.11714636055748,16.7310286215502],[-93.1172614111858,16.7306468977491],[-93.1175306188745,16.7301907412913],[-93.1178741016609,16.7296639881612],[-93.1179464184852,16.7294537488322],[-93.1186498117852,16.7295809470713],[-93.11924346105731,16.7296262589197],[-93.119407835037,16.7289890859261],[-93.1194888142351,16.7288250822099],[-93.1195325604238,16.7286023256723],[-93.1201016847589,16.727198136074],[-93.1202611908992,16.7267675487659],[-93.1197683217416,16.7266100130095],[-93.1183983997956,16.726220513725],[-93.1183850645544,16.726262341963],[-93.117742474105,16.7260201559775],[-93.117751799288,16.72593564405],[-93.1175101003753,16.7257865405383],[-93.116982999908,16.7256277512662],[-93.1166779871163,16.7259669675981],[-93.1166118700733,16.7263763694898],[-93.1167602675901,16.7273568204665],[-93.1159785519157,16.7278294665353],[-93.1155074473807,16.7281452121474],[-93.1150672972371,16.7282169568787],[-93.11496561321468,16.7277338209055],[-93.1148066213508,16.7269673532557],[-93.11349113363951,16.7271946034549],[-93.11324008899079,16.725738731946],[-93.11249306985941,16.7255913729213],[-93.11266772713358,16.7264948137329],[-93.11151086668688,16.7266148110355],[-93.1115152099654,16.7267163623829],[-93.1105375050728,16.7267053123058],[-93.110557035773,16.729587404785],[-93.11055253817601,16.7302000677428],[-93.109710909922,16.730255270381],[-93.1087987434128,16.7309050408875],[-93.10845756980298,16.7311743554038],[-93.1081489538983,16.7312419279548],[-93.1079717569273,16.7310911499582],[-93.107250662351,16.7313112461119],[-93.1070000414943,16.7311821242847],[-93.1061256403378,16.7307797287852],[-93.1046845118196,16.7301380867065],[-93.1039430141426,16.7298208480307],[-93.1031979325854,16.7296107802703],[-93.10287850021459,16.7295416907515],[-93.102233083331,16.7294584903094],[-93.10154828059922,16.7294319367496],[-93.1010226837185,16.7294791508281],[-93.1006503762812,16.7295315671347],[-93.10023031733029,16.7296211321737],[-93.09975216951761,16.7297589786871],[-93.09931736741228,16.7299237153736],[-93.0989013804553,16.7301142791733],[-93.0985509923621,16.7303067228626],[-93.09797739381851,16.730692465094],[-93.09755434692399,16.7309845177551],[-93.0970136908209,16.7301434827566],[-93.0969825449856,16.7300633034557],[-93.09696443904501,16.7300114867445],[-93.0969870012917,16.7298555417537],[-93.0970653261297,16.7295210251079],[-93.0970588381629,16.7294831309313],[-93.0968941255454,16.7290767572377],[-93.0960687739181,16.729219395786],[-93.09579804538808,16.7292367386194],[-93.09565908748411,16.7292151133902],[-93.0945509308931,16.729892843019],[-93.09493988552299,16.7305892261721],[-93.09450065486801,16.7307218754404],[-93.09444531380299,16.7306721400724],[-93.0943413417717,16.7306456678981],[-93.0942600022861,16.7306091357129],[-93.0941906927298,16.7305278611754],[-93.0938546925635,16.7305810357292],[-93.09386512668561,16.7306755599623],[-93.0937546313535,16.7308269104596],[-93.09373050809862,16.7313867971322],[-93.09324171243018,16.7310864046252],[-93.09302964230731,16.7317560897587],[-93.0927388270409,16.7317373028525],[-93.09262792686849,16.7323004571969],[-93.0923866262883,16.7328702172191],[-93.0921620549703,16.7334184081081],[-93.09137331774211,16.7332130728379],[-93.09126513556721,16.73390859526],[-93.09064042066919,16.7337328951074],[-93.0900223462883,16.7335176964986],[-93.0899168042321,16.7347013327324],[-93.08981990154462,16.7354395640051],[-93.0898727626504,16.7354517017508],[-93.08986396196471,16.7355882405891],[-93.0896949992523,16.735675991481],[-93.0886997479985,16.7354407731528],[-93.088685309062,16.735355043696],[-93.0881898670013,16.735302741576],[-93.08822006142648,16.7350845630724],[-93.0875133914603,16.7349979323503],[-93.0874445844816,16.7347284925166],[-93.0872369199737,16.7343225012584],[-93.08733920208141,16.7339388254796],[-93.0875936512747,16.733647896004],[-93.08755556289388,16.7332761156056],[-93.0854605076398,16.7329229793399],[-93.085459521883,16.7328160382642],[-93.0852797048328,16.7315920829953],[-93.08523487707892,16.7314049572855],[-93.0851794423002,16.731267833302],[-93.0850825359882,16.731097659577],[-93.08435769873222,16.7313873041727],[-93.0846058193884,16.7318136272443],[-93.08424472802308,16.731775259525],[-93.08406786414241,16.7329085956232],[-93.0839362451892,16.7338987019555],[-93.084652193903,16.7340081087009],[-93.08450492316929,16.7342368688332],[-93.08437828902511,16.7346195713916],[-93.0837482483137,16.7345408011784],[-93.0836484663925,16.7354255394806],[-93.0836689589787,16.7355569795006],[-93.0835254036524,16.7367120595116],[-93.0834793557639,16.7368086483649],[-93.08337495809128,16.7377698376618],[-93.0832316747763,16.7390033087282],[-93.08077946061078,16.7401438027499],[-93.07978519994029,16.7405998027029],[-93.0791265910821,16.7408666638858],[-93.07827068423721,16.7411739187415],[-93.077090146387,16.7415526349056],[-93.0759753446562,16.7418655617331],[-93.0739538493253,16.7424847011484],[-93.0729100506214,16.7428298912102],[-93.07277743025149,16.7428898737096],[-93.0725854754117,16.7430108706001],[-93.07245098669192,16.7431220044907],[-93.0722664162439,16.7433240266817],[-93.07218168427111,16.7434931094107],[-93.0712268362395,16.7430218353264],[-93.07055439945299,16.7438057173222],[-93.069605292178,16.7450621731248],[-93.0686230652715,16.7464342046654],[-93.0677834016757,16.7458209887032],[-93.0672147434607,16.7466187355191],[-93.0668951017733,16.7467097633394],[-93.06630117196381,16.7469922063729],[-93.0665041809892,16.7474863573789],[-93.06761078657651,16.7501819448974],[-93.0683795848325,16.7520748723106],[-93.0684970630182,16.7522799332142],[-93.0678698204104,16.7534770788318],[-93.0679605467734,16.7535181234835],[-93.06961822435429,16.7534355574699],[-93.0694805327138,16.7529611981979],[-93.07287781334159,16.7528017160082],[-93.0736733596017,16.7527437499241],[-93.07368773878508,16.7529003011079],[-93.07721643908671,16.7526872080697],[-93.0784521234059,16.7535619014575],[-93.0795409225773,16.7543784539604],[-93.08127408928571,16.7556422878942],[-93.08187052489099,16.7534187164269],[-93.0822459887089,16.7521575582441],[-93.0825166470275,16.7512789134545],[-93.0825309237356,16.7512251483074],[-93.08254404964191,16.7511271632211],[-93.082530891447,16.7509550768728],[-93.0824560713342,16.7506870824886],[-93.0823154185911,16.7503552777238],[-93.08227472805758,16.7502397247962],[-93.08224843606318,16.7500965983511],[-93.08222912916541,16.7499541229373],[-93.0822369997684,16.7498539167762],[-93.08228806368412,16.7496981679685],[-93.0826357747705,16.7487350758969],[-93.0829417664651,16.7478883132617],[-93.0830203996677,16.7475692990285],[-93.0832169356602,16.7474994498378],[-93.0838586142524,16.7475114335821],[-93.08643952724249,16.7479937080215],[-93.0888899100102,16.7485053187122],[-93.09022402349699,16.7488032127245],[-93.09456696929699,16.7497599997172],[-93.0994912529054,16.7508799945504],[-93.1017855599992,16.7514042695031],[-93.1063337541223,16.7520940363877],[-93.1102898944652,16.7527141004159],[-93.1128406390741,16.7531071056212],[-93.1133070914493,16.7506947557264],[-93.113394841011,16.7503118980255],[-93.1134439333714,16.7500951491553],[-93.11308252793502,16.7499682545298],[-93.113070913129,16.7500238105155],[-93.1128604199689,16.7499828643711],[-93.1128810269212,16.7497205713345],[-93.1123654711705,16.7496582000578],[-93.11244533741149,16.7492341685436],[-93.11265755339842,16.7492404251124],[-93.112917813851,16.7492880160348],[-93.11317483709472,16.7493133745479],[-93.11358768850688,16.7493894528493],[-93.11360921521761,16.7492275332351],[-93.1144695431577,16.7493624988829],[-93.11457523946011,16.7488761160064],[-93.115756386335,16.7490365483386],[-93.117011264066,16.7492021438878],[-93.1172790071804,16.7477188937275],[-93.1178944859074,16.7442501461473],[-93.11904225206682,16.7378019099488],[-93.11944217314581,16.735539438763],[-93.1202627614823,16.7309151801529]]]}},{"type":"Feature","properties":{"name":"SABINITO","description":"","distrito":"TUXTLA"},"geometry":{"type":"Polygon","coordinates":[[[-93.1124452468599,16.7492340759531],[-93.1123654711705,16.7496582000578],[-93.1128808347233,16.7497207458266],[-93.1128602333176,16.7499828590266],[-93.1130709103556,16.7500239004337],[-93.11308252793502,16.7499682545298],[-93.1134440294704,16.750095061909],[-93.1133504603644,16.750506102338],[-93.113306989803,16.7506950228091],[-93.1128406390741,16.7531071056212],[-93.11377415900918,16.7532439052128],[-93.11625666534621,16.7536090880095],[-93.11638707597281,16.7527725982698],[-93.11669398241358,16.751074026916],[-93.1170113573919,16.749202146558],[-93.1145752422326,16.7488760260879],[-93.11446973258148,16.7493624143072],[-93.1136091246652,16.749227440645],[-93.11358768850688,16.7493894528493],[-93.1131722517172,16.7493124005493],[-93.1129183959897,16.7492873127216],[-93.1126572956104,16.7492396977503],[-93.1124452468599,16.7492340759531]]]}},{"type":"Feature","properties":{"name":"XAMAIPAK","description":"","distrito":"TUXTLA"},"geometry":{"type":"Polygon","coordinates":[[[-93.1408163240626,16.7469467526853],[-93.141392117726,16.7455431138789],[-93.1415312493235,16.7410813824333],[-93.141468699637,16.7411107415451],[-93.1411411284506,16.7411865534114],[-93.1403344924974,16.7412494386844],[-93.1403170410136,16.7394009439845],[-93.1403536167259,16.739380925457],[-93.140368282055,16.7391525597374],[-93.1393988474639,16.7390054239033],[-93.1395149080777,16.7382396695497],[-93.1392831663379,16.7381514370907],[-93.1394152347868,16.7378350648528],[-93.1396933087658,16.7369306429116],[-93.13974037050801,16.7368123716621],[-93.1398232732308,16.7359581007555],[-93.1390925163759,16.7358836465218],[-93.1385409797439,16.7357612845917],[-93.1384950457122,16.7360893801001],[-93.1384242704371,16.7367978324757],[-93.1377887250452,16.7366553443822],[-93.13767898380019,16.736575896837],[-93.1369983773444,16.7364591230373],[-93.1367480653839,16.7372499378714],[-93.1365950735996,16.7378340034334],[-93.1362011500041,16.7377529360164],[-93.1361718986922,16.7379725142425],[-93.13612797028192,16.7382411745484],[-93.1354691161536,16.73826460522],[-93.135383733685,16.7382132109937],[-93.13576914031958,16.7370413172878],[-93.13524220594812,16.7368965170604],[-93.1348600715266,16.7381899130175],[-93.1347149218805,16.7387495386995],[-93.1346246270003,16.738903745408],[-93.1345473459132,16.7389200822056],[-93.1336055314304,16.7386252970036],[-93.1338511482172,16.7375864051403],[-93.13354886174952,16.7375295458782],[-93.1336638061937,16.7369680705354],[-93.1332516578769,16.7369087987245],[-93.1324726617227,16.7366960543758],[-93.13162417445838,16.7364194954498],[-93.13147308073879,16.7367072364902],[-93.13107964466019,16.7365041341829],[-93.13142149107512,16.7356623034208],[-93.1303731166397,16.7354195500077],[-93.1301817805388,16.7363512615879],[-93.1290908871432,16.7349937201246],[-93.12902601140408,16.7350106790753],[-93.1285359302206,16.735326634662],[-93.12826292000389,16.7353416141474],[-93.1278651576443,16.7359115709808],[-93.1280047242911,16.7363180325545],[-93.12773101140928,16.7373676267],[-93.1264890148543,16.7371005156312],[-93.1258912368377,16.7369667205631],[-93.12574862981052,16.7374611555831],[-93.12559080506719,16.7378338366568],[-93.1254893704512,16.7378277004058],[-93.1249276755891,16.7393205889591],[-93.1247590202908,16.7392678927771],[-93.1246122033974,16.7387481842471],[-93.1246156875562,16.7383130475338],[-93.12430297944199,16.7378755407901],[-93.1240318493851,16.7380084659962],[-93.12395553296172,16.7378963073918],[-93.1242961571918,16.7370193638078],[-93.1245384052789,16.7363434578038],[-93.1247148422019,16.7360519485596],[-93.1255447795915,16.7352908510548],[-93.1247122372709,16.7350858224488],[-93.1238256769441,16.7350064170869],[-93.1235528211726,16.7348524664008],[-93.1230997056649,16.7347590665508],[-93.122684796378,16.7345896279732],[-93.1232908117159,16.7332770204684],[-93.1227043346265,16.7331741424478],[-93.12228233754442,16.7331046704873],[-93.1223482934093,16.7329857757706],[-93.1225265045666,16.7327731582458],[-93.12290262552762,16.7324362339427],[-93.12208502426769,16.7321377567918],[-93.1232680078242,16.729560129241],[-93.1224250461973,16.7293273519722],[-93.1214909212916,16.7290857582881],[-93.12066592029268,16.7288583477978],[-93.1204883187902,16.729846679946],[-93.120393525993,16.7303260948107],[-93.12025734784469,16.7309423850746],[-93.11702329717771,16.7491481292696],[-93.1206442140147,16.74973544158],[-93.1199454231296,16.7538373039679],[-93.1204513061423,16.7539383526506],[-93.12027981464821,16.754707975813],[-93.11978930131872,16.754590086089],[-93.11927783033,16.757488795613],[-93.1168206505417,16.7571271486204],[-93.1156022005276,16.7569479102174],[-93.1140994911178,16.7647817590892],[-93.1128657105378,16.770597604471],[-93.11829892388418,16.7728868650845],[-93.12355827087508,16.7742911201836],[-93.1248793100234,16.7743347709973],[-93.12610097595109,16.7740745226491],[-93.1263927987866,16.7746907264741],[-93.1254525030663,16.776199936642],[-93.1256372873181,16.7767940893895],[-93.127134244442,16.7776719298758],[-93.1269653600528,16.7779923572236],[-93.12746930834811,16.7782736217179],[-93.1277740744279,16.7784458685683],[-93.12794149716972,16.7786305667157],[-93.12857554239748,16.7792831995718],[-93.12877733235712,16.7797108898591],[-93.1291957958136,16.7799469572415],[-93.12949725315741,16.7803207078579],[-93.1303372527245,16.7813300482944],[-93.1310500818608,16.7802114790333],[-93.1323480708681,16.7809598565066],[-93.1324931190936,16.7807610519133],[-93.1329913917394,16.7798894200677],[-93.1323455822262,16.7791994697944],[-93.13162974417459,16.7787055174956],[-93.13098443767569,16.7783179801504],[-93.1303351273842,16.7779452670307],[-93.1304527580878,16.7776780899692],[-93.12997776253589,16.7774060298891],[-93.1302568265385,16.7767477383813],[-93.130604327283,16.7759057321739],[-93.13130300565399,16.7764923440004],[-93.1314983350361,16.7758043857129],[-93.1315345103398,16.7756399093186],[-93.13159344545228,16.7755857935991],[-93.13181658930361,16.7752778002441],[-93.1320049132533,16.7754300625937],[-93.1326119872543,16.774901828717],[-93.1329309646707,16.7746520119579],[-93.1333461992343,16.7745832353597],[-93.1332244479639,16.7740133843503],[-93.131920060649,16.7736104431217],[-93.1330440475123,16.7732304470013],[-93.13293504817591,16.7729990019903],[-93.1390374831564,16.7710070181022],[-93.1389093090256,16.7708337981765],[-93.1385130231496,16.769779195988],[-93.1382710101031,16.7691701821497],[-93.1378299469136,16.7680437420496],[-93.1375327103017,16.7672590007476],[-93.1372861244461,16.7667775683955],[-93.13707815806119,16.7668023234319],[-93.13685852958231,16.7663070802591],[-93.1376937771308,16.7658670517716],[-93.13742372857722,16.7655349820877],[-93.14594171297999,16.7610502486854],[-93.14623853134168,16.7608910302442],[-93.1462867892079,16.760362652225],[-93.1460350527661,16.7599996128711],[-93.1435360220744,16.7578154382771],[-93.1430946960362,16.7572229810921],[-93.1426484619911,16.7563888193939],[-93.14225334176201,16.7550004445242],[-93.1408163240626,16.7469467526853]]]}},{"type":"Feature","properties":{"name":"XAMAIPAK","description":"","distrito":"TUXTLA"},"geometry":{"type":"Polygon","coordinates":[[[-93.11929070493497,16.75749939391787],[-93.11978738095402,16.754590694048],[-93.12028135195263,16.75470611026958],[-93.12045009402307,16.75393897115508],[-93.11994379301645,16.75383365602816],[-93.1206427485045,16.74973561141699],[-93.11702149361484,16.74914656776244],[-93.11683390023454,16.75025735911042],[-93.117729659716,16.75037457807159],[-93.1176868141652,16.75060122817035],[-93.11805697929422,16.75066964396989],[-93.11741894113248,16.75380098571414],[-93.11823033601499,16.75397095860331],[-93.11806303352452,16.75484506231938],[-93.11758555583104,16.75474151545714],[-93.1174937427133,16.7552925002887],[-93.115964687005,16.75506856408066],[-93.11418943273974,16.75477523432732],[-93.11400668918824,16.75581240801919],[-93.11451764862964,16.75593448731818],[-93.1142980343866,16.75673611067332],[-93.11475008885662,16.75681586274692],[-93.11929070493497,16.75749939391787]]]}},{"type":"Feature","properties":{"name":"XAMAIPAK","description":"","distrito":"TUXTLA"},"geometry":{"type":"Polygon","coordinates":[[[-93.1162298742262,16.7535655088482],[-93.1159533440567,16.7550455047392],[-93.11749064036212,16.7552929917144],[-93.11758658919149,16.7547380183331],[-93.1180676531288,16.7548411529859],[-93.1182287951362,16.7539651300964],[-93.1174031187187,16.7538596947688],[-93.11805554602743,16.75067138063154],[-93.1176832473927,16.75060112580928],[-93.1177216953193,16.75037715166698],[-93.11684052571762,16.75025978534096],[-93.1162298742262,16.7535655088482]]]}}]}