{"type":"FeatureCollection","features":[{"type":"Feature","properties":{"name":"LAGUNA","description":"","distrito":"VILLAHERMOSA"},"geometry":{"type":"Polygon","coordinates":[[[-92.94456729459999,18.0112958791],[-92.9451020631,18.0119609199],[-92.94518438739999,18.0123520455],[-92.945294296,18.0130414968],[-92.9461704489,18.0129414437],[-92.94702915240002,18.0153220893],[-92.9485581042,18.0200946148],[-92.9488211364,18.0202822432],[-92.9492477723,18.0203941915],[-92.9510734963,18.0210637243],[-92.95220720320002,18.0210904921],[-92.9538384965,18.0201799644],[-92.9541422067,18.0193261662],[-92.9540566876,18.0178669673],[-92.9536402385,18.0166284884],[-92.9537286675,18.0147631452],[-92.95355483999998,18.0118664306],[-92.9533245105678,18.00877038800262],[-92.95381234759213,18.00626541440053],[-92.95498024302827,18.00468703974921],[-92.95602435338029,18.00388494807151],[-92.95838461527802,18.00252009048336],[-92.95816065132605,18.00229381214198],[-92.957673294076,18.00180122437012],[-92.95735835564436,18.00148143806603],[-92.9568833120071,18.00100335777384],[-92.95688333671599,18.00100079597014],[-92.9563455208191,18.00045752634681],[-92.95596618489367,18.00007546445599],[-92.9554732098859,17.99957472650893],[-92.95527263997415,17.99937090265472],[-92.95475652021668,17.99905184601306],[-92.95475170695615,17.99904725351757],[-92.95474930087548,17.99904495776327],[-92.95427901042065,17.9987536036689],[-92.95384212059989,17.99848065431247],[-92.95338965284425,17.99819709557812],[-92.95316414522281,17.99805700876879],[-92.95303085115003,17.99796977885132],[-92.95276853410755,17.99779648982209],[-92.9525383130969,17.9976428157656],[-92.95219568363082,17.99741797429701],[-92.9515261631035,17.99697229086944],[-92.95132147835834,17.99683782709943],[-92.95128479150442,17.99680281569274],[-92.95097880924796,17.9966137245661],[-92.95054804615405,17.99635523310717],[-92.94997957001837,17.99601323343035],[-92.94935518466627,17.99562210965679],[-92.94917401198268,17.99551645299653],[-92.9488299846272,17.99526116934815],[-92.94837978708229,17.99494095399201],[-92.9480001584276,17.99466854926705],[-92.94767334760711,17.99442744969019],[-92.94746395081623,17.99427608937896],[-92.94728195434439,17.99414468785536],[-92.94673605234642,17.99367499396846],[-92.94647710038161,17.99344041609702],[-92.94621506651713,17.9932190192866],[-92.94587657546153,17.99292385370128],[-92.94573161297564,17.99279005196762],[-92.94568697926925,17.99274760235102],[-92.94557019290578,17.99264279644626],[-92.94509658458212,17.99245225118526],[-92.94468057492,17.99289548470849],[-92.94393277241682,17.99367278573487],[-92.9433016701974,17.99429814022574],[-92.94272625969947,17.99488700787888],[-92.94207896130052,17.99554147159124],[-92.94146878950279,17.99616575473521],[-92.94101636837092,17.99661241967236],[-92.94063673493146,17.99699856164306],[-92.94051580068216,17.99712213317914],[-92.93931264237018,17.9963107165168],[-92.93803676735646,17.99545354034927],[-92.93616014244728,17.99419353828927],[-92.93525852232068,17.99357812731081],[-92.93436487389292,17.99294906379232],[-92.93347889110706,17.99232455097018],[-92.93324300015607,17.99216150575342],[-92.93226024690168,17.99151071643724],[-92.93046069477396,17.99032695157015],[-92.92533807963679,17.98691017609248],[-92.92150196447336,17.98432552501788],[-92.9214499123548,17.98425266924485],[-92.92122868839844,17.98408509528001],[-92.9209834088,17.9840308827],[-92.9207665876,17.9843271898],[-92.9202533235,17.984894491],[-92.9198183367,17.9852805254],[-92.9191650202,17.986009048],[-92.9174142892,17.9877555215],[-92.9158738793,17.9897253435],[-92.9144388517,17.9918964157],[-92.91348980069999,17.9942103283],[-92.91304383690002,17.9957306586],[-92.91287211572457,17.99751302439535],[-92.9231759166475,17.99997492281314],[-92.92279492540018,18.00134155323517],[-92.92419321378932,18.0016550737489],[-92.92410484280737,18.00202690794149],[-92.92567387273333,18.00256550902942],[-92.92636180172494,18.00079690447278],[-92.92719457827586,18.00104175911144],[-92.92644318478989,18.00289847461928],[-92.92551197933376,18.004934353548],[-92.92451058256563,18.0061236565254],[-92.92252402430226,18.00824756747925],[-92.92134878306653,18.00966157170686],[-92.92082338032156,18.00930903648532],[-92.91954622880426,18.01101570396512],[-92.91970529384189,18.01110585638293],[-92.919594088904,18.01128567939358],[-92.9198787046416,18.01152452314445],[-92.91812394544846,18.01359630295813],[-92.91694064610287,18.01437738607415],[-92.91539184104467,18.01520778819745],[-92.9128852977398,18.01608647020843],[-92.91117228662233,18.01721426298112],[-92.91037938186335,18.01792910578051],[-92.90983547209508,18.01898379622884],[-92.910976216319,18.01956200299329],[-92.91221148137319,18.02087346791636],[-92.91275915927137,18.02217435287626],[-92.91353448023675,18.02532891022377],[-92.91433210791276,18.02780273063813],[-92.91462564625725,18.02940697379624],[-92.91586838260804,18.0304507551567],[-92.91703192987539,18.02873416237412],[-92.91878245110082,18.02739270030162],[-92.92033680754564,18.02713519719775],[-92.92284585435713,18.02693964991214],[-92.92632570981502,18.02667491576943],[-92.92761549136338,18.02652716845679],[-92.92855045412244,18.02622354360931],[-92.92927536967501,18.02532062835913],[-92.92961161096639,18.02517471167283],[-92.9298568615954,18.02337150628987],[-92.93002609209438,18.02312175994537],[-92.93122003086448,18.02213095926348],[-92.93236370609974,18.02155909346394],[-92.93423918129758,18.0206342729722],[-92.93555653999435,18.02011961166322],[-92.93696163260725,18.02005010819211],[-92.9378988653436,18.02033645743777],[-92.93847234300374,18.02040091655485],[-92.93886038152756,18.02022305786718],[-92.93905603972838,18.01976927929656],[-92.93900789073948,18.01941899940097],[-92.93861951868324,18.0186894531948],[-92.9373053465752,18.01810053835433],[-92.93539173591829,18.01839936090287],[-92.93361095410516,18.01901737646222],[-92.9327254346903,18.01923256287635],[-92.93173087739018,18.01985654446279],[-92.93055976662504,18.02030938381427],[-92.93005433332702,18.02039915362382],[-92.92907942623599,18.02062714058918],[-92.92897073608945,18.02139258488668],[-92.92864026789712,18.02198075304835],[-92.92823365656328,18.02205280444509],[-92.92800038274058,18.02250458551279],[-92.92789886662464,18.02304312142952],[-92.92743145898956,18.02359070060784],[-92.92727054262309,18.02351026224144],[-92.92716444274215,18.02337779277618],[-92.92733551705612,18.0225001572233],[-92.92739198915622,18.02199728367258],[-92.92731161519794,18.02106721808258],[-92.92631283558651,18.02144768509437],[-92.92638838214162,18.02229134379065],[-92.92562549200817,18.02248877414228],[-92.92517414547078,18.02248577121635],[-92.924808911947,18.02195506608924],[-92.92411213854288,18.0215061288455],[-92.92374489426426,18.02172482302681],[-92.92290895954028,18.0219174530552],[-92.92232152714035,18.02236433387698],[-92.92223756820205,18.02266932682094],[-92.92205030291701,18.02302919856737],[-92.92170072811159,18.02313099121986],[-92.92143606167056,18.02312923904866],[-92.9209941021044,18.02235545418517],[-92.92090082107025,18.02170497384479],[-92.92088700569556,18.02148374896465],[-92.92101083908491,18.02080880996491],[-92.92245025562448,18.02051104123646],[-92.92309732592662,18.0202349151821],[-92.92342375139783,18.02007468696172],[-92.92343054945923,18.01956631919302],[-92.92344991169657,18.01905593365104],[-92.92350903846189,18.01878077834478],[-92.92389923971949,18.01875701414644],[-92.9241668979281,18.01875702760722],[-92.92438795740811,18.01865029130305],[-92.92454883259158,18.01846165212823],[-92.92452989836613,18.01814653641021],[-92.92442783245646,18.01782395508553],[-92.9243375434461,18.01757345044737],[-92.92421034820453,18.01742662453718],[-92.92406388244846,18.01714674965843],[-92.92406104066687,18.01681514564449],[-92.92380665336245,18.01672747266161],[-92.92388805581045,18.01635848304424],[-92.9242645310972,18.01660749107357],[-92.9245433627119,18.01664017598063],[-92.92461055305614,18.01681517578782],[-92.92488021681787,18.01673847148448],[-92.92520735352741,18.01664021100634],[-92.92528942070936,18.01622968379659],[-92.92556722851987,18.01636934499189],[-92.92552254617436,18.0168262027497],[-92.92567780933044,18.01730315900232],[-92.92578868451265,18.017812580867],[-92.92586378773044,18.01814660231368],[-92.92614524344168,18.01846172994791],[-92.9266853043418,18.01875714937031],[-92.92701697685183,18.01885243695893],[-92.92734513979681,18.01882859983793],[-92.92772113488866,18.01879288134137],[-92.92788855248952,18.01873344315296],[-92.92792185008182,18.01843833071092],[-92.927773355397,18.01812350703725],[-92.92760023322478,18.01775553184488],[-92.92759952429589,18.01748315033682],[-92.9275823864702,18.01711355207818],[-92.92762981722719,18.01662942619523],[-92.92785891105011,18.0163371457674],[-92.92798941858624,18.01618699928884],[-92.92826665978511,18.01621910021314],[-92.92850488354125,18.01669489631662],[-92.92876783274995,18.01700269855046],[-92.92924343143227,18.01720268561451],[-92.92956763671538,18.01704701886745],[-92.92974922999944,18.01689234860534],[-92.93016602076331,18.01656423960475],[-92.93012201392601,18.0163802892085],[-92.93026412880513,18.01621916097239],[-92.93044523401218,18.0161550186892],[-92.93052562919502,18.01634798502636],[-92.93072159136177,18.0165208430692],[-92.93086581429513,18.01690338684136],[-92.93093871341229,18.01703596738031],[-92.9311188039805,18.01720272942877],[-92.93150389922953,18.01708033533858],[-92.93161995880854,18.01703598168906],[-92.93175683162318,18.01692545101721],[-92.93206702268236,18.01678252081493],[-92.93235261367542,18.01665133846995],[-92.93257972481123,18.01654256789331],[-92.9329839085869,18.01595307193417],[-92.93267930388645,18.01564808244082],[-92.93241422974755,18.01581585639848],[-92.93226213291638,18.0159848409184],[-92.93211182076267,18.01596364877225],[-92.931913130034,18.01587907649971],[-92.93165494886438,18.01571084349612],[-92.93141413153874,18.01567943052627],[-92.93128567134474,18.01557503632465],[-92.93138008684073,18.01530578967321],[-92.93147243466744,18.01510443113882],[-92.93156973606662,18.014838172114],[-92.93171989832241,18.01445510314968],[-92.93141747533087,18.01406740941673],[-92.93084607089365,18.01435756773861],[-92.93041595537437,18.0142712100354],[-92.93006887708323,18.01450941577844],[-92.92985925346528,18.01454207966842],[-92.9296840336632,18.01461847781534],[-92.92955449820603,18.01475002205295],[-92.92942437695886,18.01487124195228],[-92.92912101387492,18.01478300951959],[-92.92877452401277,18.01459659595008],[-92.92861377020958,18.01450937238743],[-92.92838278602315,18.01445501481486],[-92.92807522764627,18.01458565247649],[-92.92784006885188,18.01462935307999],[-92.92746140909323,18.01472797786023],[-92.92732535326482,18.01465121832929],[-92.92674599203765,18.01491538281914],[-92.92641707763268,18.01492643977736],[-92.92589053496653,18.01486006553257],[-92.92549101857851,18.01488214328012],[-92.92500638259665,18.01495961800375],[-92.92472019750255,18.01481587629178],[-92.92428806787679,18.01479381791627],[-92.92397263247773,18.01478279055525],[-92.9235871077131,18.01477176382326],[-92.92311127783893,18.01485992082106],[-92.92274348876589,18.01497957470269],[-92.92245579953348,18.0144981957561],[-92.92288411004027,18.01427088335369],[-92.92328862069719,18.01428168518681],[-92.92362703333853,18.01409917007685],[-92.9238394103676,18.01403509357534],[-92.92420684426219,18.01405645901501],[-92.92441439370428,18.01405647092451],[-92.92489408977379,18.01411127188265],[-92.92472427579858,18.0128024634595],[-92.92443436765771,18.01239228623711],[-92.92420183405004,18.01206285796122],[-92.92416015539195,18.01199962757234],[-92.9243964451909,18.01193674999653],[-92.92412543007244,18.01162388089746],[-92.92252906587866,18.01074371819532],[-92.92294799616133,18.01052381418554],[-92.92283042569031,18.01016994889456],[-92.9227815514393,18.0099580414071],[-92.92286019282336,18.00985280746349],[-92.92320414640848,18.00984233280149],[-92.9234016907764,18.01022326109902],[-92.92368659504001,18.01026598559822],[-92.92394817345439,18.01031949355859],[-92.9241433650004,18.01051308450517],[-92.92455460561293,18.01082834132793],[-92.92487130149101,18.01143082239128],[-92.92607551806364,18.01214390310697],[-92.92693830094316,18.01233912713963],[-92.92775120815213,18.01205063864824],[-92.92823916422498,18.01120346004976],[-92.92808259206596,18.01099319872634],[-92.92796285438683,18.01081755562559],[-92.92790272010214,18.01068666645156],[-92.92783065084784,18.01050246338019],[-92.92823550888426,18.01045934385439],[-92.92861432496382,18.01034114052393],[-92.92863492615454,18.01025553498699],[-92.92896781980821,18.01021285882467],[-92.929429837943,18.01014070966892],[-92.92959420411502,18.00985342589326],[-92.9290361676443,18.00950394538088],[-92.92911158828979,18.00886798202962],[-92.92886007536443,18.00870979179313],[-92.92800213657465,18.00805684335518],[-92.92718840834242,18.00754915017336],[-92.92684543383888,18.00754913604624],[-92.92677222753524,18.00794552631021],[-92.92672193335176,18.00833685746311],[-92.9265871090225,18.00861688687193],[-92.92602602550495,18.0082788861297],[-92.92586353873222,18.00804846866507],[-92.9259437812654,18.00767298233173],[-92.92592028754625,18.00715908790454],[-92.92565750892008,18.00691712723185],[-92.92524773705071,18.00694995654375],[-92.92491921932105,18.00698283456166],[-92.9245852405931,18.00715830268117],[-92.92429717684838,18.00686400629626],[-92.92499270329748,18.006491914443],[-92.92549578683119,18.00585761459705],[-92.92563068043802,18.00532630317961],[-92.92588787287357,18.004938103271],[-92.92630703060408,18.00532113366325],[-92.92845934347118,18.00640646541949],[-92.92865557984258,18.00617986432352],[-92.9286450480648,18.00585774247968],[-92.92878670070418,18.0054834828475],[-92.92899175714032,18.00499330330124],[-92.92914328621735,18.00470828578744],[-92.92942496030552,18.00428705436537],[-92.92969918513306,18.00403151562669],[-92.93033591947734,18.00380097768055],[-92.93031865810124,18.003582652622],[-92.93019757799543,18.00350270291235],[-92.92991951958933,18.00325312958255],[-92.9300452739893,18.00300610812109],[-92.93029187169114,18.00296147094959],[-92.9304368652293,18.00309565414469],[-92.93062763862156,18.00315178770821],[-92.9308915425421,18.0032531547943],[-92.93118598714446,18.0032080602317],[-92.93164109833718,18.00285025337218],[-92.93176640655133,18.00256339508145],[-92.93151176110081,18.0023776689016],[-92.93133415084193,18.00231246069527],[-92.93110121993497,18.00230160557582],[-92.9308660330066,18.00222578794617],[-92.9307358552449,18.00215021375179],[-92.93058132230162,18.00202121715671],[-92.93032286267055,18.00185030769878],[-92.9302168270891,18.00174411644649],[-92.93163347941392,18.00202593584675],[-92.9338857787,18.0020263796],[-92.93549064819999,18.0014824761],[-92.93620192400002,18.0010327913],[-92.937354319,18.0017840249],[-92.9372587598,18.002487054],[-92.936611732,18.0037365916],[-92.93638902239998,18.0041834668],[-92.93577076490001,18.0039481774],[-92.93329824699998,18.0036891916],[-92.932526209,18.0042303294],[-92.9321293389,18.0049843055],[-92.9318844602,18.005736756],[-92.93121143969998,18.0059978487],[-92.93110984449999,18.0057631946],[-92.9307839483,18.0056229171],[-92.93051322809998,18.006376926],[-92.9301393715,18.0069675647],[-92.9302860999,18.0080310226],[-92.93101424300002,18.0082825098],[-92.9311844334,18.0086866457],[-92.9314610626,18.0094240585],[-92.9317804238,18.0102979781],[-92.9319758412,18.0108434043],[-92.93279257560002,18.0110352291],[-92.9322781442,18.00897688],[-92.93250444879999,18.0079392418],[-92.9328514437,18.0080566425],[-92.9328996321,18.0086455981],[-92.9332201132,18.0093059277],[-92.933690438,18.0095180855],[-92.9343839273,18.0098943177],[-92.93443348579999,18.0108587383],[-92.9348045667,18.0117302689],[-92.93529961020002,18.0120806325],[-92.93547279219999,18.0134299094],[-92.936810474,18.0137600732],[-92.93742941049999,18.0137353485],[-92.9372278059,18.0107527694],[-92.9362239516,18.0089460686],[-92.9370502564,18.0086723592],[-92.9379466683,18.0096262538],[-92.93873572240001,18.0113629737],[-92.938734216,18.0127623028],[-92.93923240039999,18.0135541088],[-92.94117036779998,18.0118460275],[-92.94156484050002,18.010141642],[-92.9421747089,18.0093906323],[-92.9423184137,18.0077876155],[-92.9435014039,18.0079241393],[-92.9438598667,18.0093907998],[-92.9432144122,18.0113038096],[-92.94411163319998,18.0116814104],[-92.94456729459999,18.0112958791]]]}},{"type":"Feature","properties":{"name":"LAGUNA","description":"","distrito":"VILLAHERMOSA"},"geometry":{"type":"Polygon","coordinates":[[[-92.95335998566102,18.01029548480292],[-92.95325686306622,18.00844879063211],[-92.95393310162297,18.00601664513835],[-92.95344862343678,18.00557038734052],[-92.94848651655889,18.00226529227398],[-92.94759150780234,18.00272326938084],[-92.94736538460208,18.00321787892199],[-92.94719030785633,18.00386554794417],[-92.94711620465668,18.00494112516549],[-92.94713076372182,18.00550366312891],[-92.94748576081217,18.00581428840409],[-92.9480366118307,18.00634736147349],[-92.94819398071911,18.00664637370442],[-92.94791179761249,18.00739850465949],[-92.94676389766556,18.00762355571528],[-92.94609605541285,18.00783570696982],[-92.94505362900063,18.00794025471793],[-92.94627250045168,18.01042182331404],[-92.94616474621294,18.01211053228215],[-92.94965609762764,18.01429875600057],[-92.95021982702693,18.01360286785728],[-92.95050850238295,18.01201887655067],[-92.95335998566102,18.01029548480292]]]}},{"type":"Feature","properties":{"name":"AMPLIACION LAGUNA 13_2_A","description":"","distrito":"VILLAHERMOSA"},"geometry":{"type":"Polygon","coordinates":[[[-92.90187799318076,18.05748386573351],[-92.90152717451764,18.05748342659743],[-92.90128342917644,18.05748121543761],[-92.90179840881933,18.05841576644075],[-92.90210622176437,18.05943948254841],[-92.90236935746897,18.05938863890754],[-92.90355453381042,18.05945588968754],[-92.90391456808032,18.05745233559094],[-92.90195470259218,18.05726589039236],[-92.90187799318076,18.05748386573351]]]}},{"type":"Feature","properties":{"name":"AMPLIACION LAGUNA 13_A","description":"","distrito":"VILLAHERMOSA"},"geometry":{"type":"Polygon","coordinates":[[[-92.96368678031011,18.0594291761608],[-92.96101274792821,18.05897579931953],[-92.96073565060742,18.06068930563772],[-92.96058430949144,18.06082264261907],[-92.96007307820643,18.06080831479524],[-92.96000824662578,18.06101738828639],[-92.96000447761877,18.06113041834272],[-92.9597025627221,18.06109054482316],[-92.95965733376674,18.06133697673609],[-92.96028674321386,18.0614211352176],[-92.96027569247696,18.06162414530671],[-92.96019215120995,18.06161815072007],[-92.96011634531875,18.06195126798373],[-92.96050744976911,18.06202700430783],[-92.96036514595819,18.06341072712128],[-92.96029512032057,18.06549956232944],[-92.96024485812214,18.06609711674312],[-92.9591851006064,18.06603878888953],[-92.95908698825828,18.06699610046758],[-92.96008842705011,18.06727918221686],[-92.95985416317171,18.0692275582729],[-92.95957107353384,18.07062705535445],[-92.95931877777933,18.07126454042218],[-92.95986483502797,18.07152382469021],[-92.9602491154871,18.07092993737837],[-92.96061249063315,18.07073173440044],[-92.96121693717504,18.07073853466873],[-92.9612357586713,18.07108178606144],[-92.9612232385487,18.07133329099609],[-92.96200995674914,18.07177098985961],[-92.96225210986849,18.07164609734251],[-92.96224327171102,18.07129744704981],[-92.96163113438952,18.071117590777],[-92.96171118909685,18.07049674811827],[-92.96194390760276,18.07011643562504],[-92.96221032887833,18.06999779918483],[-92.96235742855495,18.06832672391613],[-92.96237159534903,18.06831244823253],[-92.96238818894297,18.06722591129686],[-92.9624118452016,18.06647904585821],[-92.96210110088875,18.06643124777407],[-92.96227458923332,18.06520183136174],[-92.96286878284482,18.0653795769702],[-92.96337157007294,18.06580237612107],[-92.96371900429585,18.06625808466728],[-92.96407124074388,18.06669031101539],[-92.96460613742431,18.06705492841091],[-92.96509851202387,18.06718084706408],[-92.96561003722015,18.06673732546026],[-92.96605896935273,18.06640194947761],[-92.96583977834291,18.06588803234299],[-92.96534386372905,18.06592599873892],[-92.96545050963881,18.06540855008317],[-92.96555885790372,18.06505433707768],[-92.96519344473319,18.06475462823099],[-92.96518894717519,18.06447551471761],[-92.96559616468126,18.06414834233435],[-92.9663319880926,18.0636246829094],[-92.966434776691,18.06295657283318],[-92.96588138407982,18.06313635008391],[-92.96506221164836,18.06383180355292],[-92.96436510039388,18.06439609765074],[-92.96392979112227,18.06471243623702],[-92.9637747557598,18.06461167144488],[-92.96341667170353,18.06461965376717],[-92.96299224510257,18.06461087667666],[-92.96273484783389,18.06457208765506],[-92.96281970183809,18.06348539930502],[-92.96284919825413,18.06307723518192],[-92.96285641897155,18.0630668963605],[-92.96299768028696,18.06302362915586],[-92.96300759632054,18.06302374064461],[-92.9633282451133,18.06304109633267],[-92.96334478529373,18.06303784044286],[-92.96346788651542,18.06290051495195],[-92.96359887597696,18.06226500864556],[-92.9636084525528,18.06224706699485],[-92.96369140674281,18.06190901830641],[-92.96369760630095,18.06190245049881],[-92.96377395828057,18.06164635855589],[-92.96375518036275,18.06113175588064],[-92.9637374614529,18.06086740329508],[-92.9636488739034,18.06066917671809],[-92.96355857249299,18.06044359729262],[-92.96359035145966,18.06022298786349],[-92.96358965534382,18.0602144007946],[-92.96369345836678,18.05982595170021],[-92.96368678031011,18.0594291761608]]]}},{"type":"Feature","properties":{"name":"AMPLIACION LAGUNA 13","description":"","distrito":"VILLAHERMOSA"},"geometry":{"type":"Polygon","coordinates":[[[-92.91249975782614,18.04871523249115],[-92.91324500738598,18.0445773111599],[-92.915617479984,18.04252837835729],[-92.91650895063081,18.04055112763252],[-92.91861577627522,18.04275809741613],[-92.92056289236015,18.04051543634439],[-92.91835082457732,18.03877872586592],[-92.92011560701334,18.03677432178982],[-92.92134766700502,18.03213404892478],[-92.9217475573852,18.02942660342185],[-92.9268836970937,18.02962082352781],[-92.93046619458181,18.03227320653029],[-92.93166850714317,18.03670756249717],[-92.93202572407434,18.03866644752544],[-92.93406905445731,18.04014634031326],[-92.93031165273793,18.04412892977321],[-92.9331188507191,18.04774611735407],[-92.93576494117565,18.04540889049269],[-92.93696,18.04663],[-92.937,18.04679],[-92.93368,18.05008],[-92.93422,18.05044],[-92.93554,18.05092],[-92.93544,18.05193],[-92.93583,18.05201],[-92.93569,18.05229],[-92.93458000000001,18.05284],[-92.93437,18.0529],[-92.934,18.05394],[-92.9347,18.05436],[-92.93214999999998,18.05615],[-92.93408999999998,18.05857],[-92.93468,18.0606],[-92.93413,18.06205],[-92.9347,18.06293],[-92.93567,18.06459],[-92.93441000000001,18.06568],[-92.93386000000001,18.0647],[-92.93307999999999,18.0646],[-92.93408999999998,18.06642],[-92.9324,18.06723],[-92.93194,18.06647],[-92.93144,18.06607],[-92.9307,18.06569],[-92.92968000000002,18.06574],[-92.9291,18.06618],[-92.93084,18.06867],[-92.93206,18.06888],[-92.93274,18.06778],[-92.9344,18.0668],[-92.9351,18.07058],[-92.93638,18.06987],[-92.93837,18.07239],[-92.94084,18.07077],[-92.9426,18.06913],[-92.94239,18.06699],[-92.94187000000001,18.06519],[-92.94139,18.06416],[-92.94079,18.06344],[-92.94041999999999,18.06233],[-92.9404,18.06003],[-92.9407,18.05903],[-92.94247999999999,18.05874],[-92.94273,18.0566],[-92.93973,18.05674],[-92.93947000000001,18.05574],[-92.93964000000001,18.05428],[-92.93995,18.05293],[-92.94013,18.05209],[-92.94332127025127,18.05286868223095],[-92.94262597749417,18.04964533401045],[-92.9459592332581,18.04823625094962],[-92.94517719416335,18.04722836934212],[-92.94275832658849,18.04824425529566],[-92.94489705445407,18.04453150362841],[-92.94485235605991,18.04028323137578],[-92.94378819768632,18.03665808502744],[-92.94792609385735,18.04378182152497],[-92.94597277642258,18.0446112751365],[-92.94805,18.04883],[-92.94953999999998,18.04817],[-92.94881000000001,18.04646],[-92.94863,18.0454],[-92.94892000000002,18.04417],[-92.94920999999998,18.04394],[-92.94854000000001,18.04314],[-92.94934,18.04242],[-92.94939,18.04242],[-92.94466502809831,18.0343148647921],[-92.94911,18.03011],[-92.95118,18.03263],[-92.95417,18.02888],[-92.95281000000001,18.0271],[-92.95308,18.02678],[-92.95092,18.02339],[-92.95096,18.02256],[-92.94847000000001,18.02166],[-92.94744,18.02136],[-92.9461,18.02062],[-92.94519,18.01994],[-92.94412,18.01958],[-92.94320999999998,18.01981],[-92.94319000000002,18.01987],[-92.94339,18.02115],[-92.94372,18.02269],[-92.94372,18.0228],[-92.94399,18.02424],[-92.9439,18.02545],[-92.94336000000001,18.02716],[-92.9429,18.02765],[-92.94174,18.02816],[-92.94052000000002,18.0278],[-92.94001,18.02661],[-92.94007,18.02534],[-92.94037,18.02378],[-92.94058999999999,18.02229],[-92.94052000000002,18.02132],[-92.93883,18.02108],[-92.93684,18.02094],[-92.93552999999999,18.021],[-92.93394,18.02134],[-92.93312,18.02197],[-92.93172,18.02259],[-92.93074000000001,18.02354],[-92.93041,18.02467],[-92.92994,18.02575],[-92.92897999999998,18.02674],[-92.92704,18.02736],[-92.92316,18.02767],[-92.92138,18.02784],[-92.92074,18.02788],[-92.91952999999998,18.02815],[-92.91837,18.02879],[-92.91768000000002,18.02955],[-92.91681,18.0312],[-92.91630999999998,18.0322],[-92.91491,18.03332],[-92.91411,18.03412],[-92.91288,18.03482],[-92.91095999999999,18.03481],[-92.9106,18.03533],[-92.91076,18.03637],[-92.91138,18.03731],[-92.91176,18.03752],[-92.91217999999999,18.03805],[-92.91217999999999,18.03854],[-92.91150999999999,18.04028],[-92.91098,18.04117],[-92.91047,18.04168],[-92.90904,18.0423],[-92.90756999999999,18.04179],[-92.90656999999999,18.04158],[-92.90613999999998,18.042],[-92.90596000000001,18.04285],[-92.90641000000001,18.0455],[-92.90576,18.04608],[-92.90526,18.04648],[-92.90445999999999,18.04651],[-92.90072698750987,18.0433563592933],[-92.89975893154623,18.04848380798816],[-92.8992782556038,18.05049320874781],[-92.8946881063934,18.05403150818954],[-92.89333053480627,18.05235216049334],[-92.89011305984646,18.05456710635093],[-92.88826553851118,18.05254267965197],[-92.87989534583075,18.05908496345072],[-92.87952009768591,18.05918965927949],[-92.87768445533523,18.05700804481643],[-92.87082,18.06192],[-92.86916999999998,18.06014],[-92.86201,18.06811],[-92.86354999999999,18.07171],[-92.86382000000002,18.07253],[-92.86404999999999,18.07337],[-92.86387000000002,18.07444],[-92.86357,18.07608],[-92.86294999999998,18.07716],[-92.86215,18.07783],[-92.86162,18.07885],[-92.86172999999998,18.08011],[-92.86112,18.08242],[-92.86393,18.0842],[-92.86493999999999,18.08395],[-92.86536,18.07753],[-92.86539,18.07499],[-92.86963,18.07314],[-92.87057,18.07472],[-92.8698,18.07553],[-92.87216999999998,18.07922],[-92.87652,18.07803],[-92.87712,18.07121],[-92.88055,18.07079],[-92.87939000000001,18.06812],[-92.88595999999998,18.0661],[-92.88759,18.06542],[-92.89081,18.06872],[-92.89241,18.06827],[-92.88945999999999,18.06404],[-92.89026,18.06241],[-92.89196800961747,18.06119846372017],[-92.90069204414179,18.05664005688653],[-92.90129137187067,18.05744492041425],[-92.9018663683343,18.05745564450507],[-92.9022274228771,18.05620983045712],[-92.90224712381652,18.05434835709176],[-92.90403200005856,18.05463793644098],[-92.90434538597368,18.05278944587204],[-92.90555435554936,18.04832328269438],[-92.91249975782614,18.04871523249115]]]}},{"type":"Feature","properties":{"name":"AMPLIACION LAGUNA 1","description":"","distrito":"VILLAHERMOSA"},"geometry":{"type":"Polygon","coordinates":[[[-92.96801625566326,18.02781768356052],[-92.96962462774995,18.02385896267245],[-92.96827879831406,18.0235363732171],[-92.96846880976197,18.02281741740647],[-92.96443067929577,18.02138938056153],[-92.96448723071039,18.02077137853],[-92.96155369073301,18.01987213702129],[-92.96237317962454,18.0172414346847],[-92.96237121377574,18.01613700081051],[-92.96210880572717,18.0153733014255],[-92.96182142850803,18.01524823388638],[-92.96222581536922,18.01335990361104],[-92.963677064807,18.01263647590218],[-92.96393332104591,18.01202877928586],[-92.9638069132204,18.01159748225206],[-92.96350579863055,18.0115299669934],[-92.96357664877756,18.01090139076153],[-92.96129005517658,18.01157716014494],[-92.96048435209138,18.01238819534515],[-92.95946805555337,18.01272196172936],[-92.95812370452114,18.01226841382733],[-92.9563292139962,18.01141474091629],[-92.95638234806756,18.01045106679795],[-92.95568794914759,18.01014538413834],[-92.95586901899638,18.0092232561689],[-92.95579059918023,18.00888727258463],[-92.95566962319883,18.0085939590827],[-92.95620662703553,18.00870793526387],[-92.95628883479397,18.00838837843538],[-92.95629436775504,18.00821280233484],[-92.95601778885737,18.00816121404518],[-92.95605763897318,18.00791894738673],[-92.95670335410398,18.00801113371517],[-92.95673462940228,18.00772877247686],[-92.95676318158223,18.0075338322081],[-92.95712887667693,18.00759293408336],[-92.95723610013849,18.0069877821895],[-92.95641385472335,18.00684992395396],[-92.95617709169649,18.0068341977658],[-92.95551439974564,18.00673762584919],[-92.95533993318483,18.00669232522161],[-92.95534496151168,18.00660893187683],[-92.95522528477393,18.00660471191515],[-92.95512658860663,18.00670781305016],[-92.95507100064816,18.00683236657],[-92.95504928742083,18.00688452338496],[-92.95493733980014,18.00687188027901],[-92.95483227477106,18.00710736860946],[-92.95497558143536,18.00716736766026],[-92.95492645639952,18.0073764376105],[-92.95510541761723,18.00741689636319],[-92.95504849042247,18.00811262415709],[-92.95449901256072,18.00805490946531],[-92.9545185350757,18.00813544337886],[-92.95506227462826,18.00823456403694],[-92.95505457563796,18.00848793514167],[-92.95484198197234,18.00847676816335],[-92.95481152345936,18.00905477469526],[-92.9543526860429,18.00901121139123],[-92.95440873038085,18.01059525004287],[-92.95475913147646,18.01374653214873],[-92.95484333875565,18.01521156377713],[-92.9549811549607,18.01660373585179],[-92.95527032681379,18.01808988882499],[-92.95533169469392,18.01870894898131],[-92.9552261484735,18.02013409328836],[-92.95515945190385,18.02053816679453],[-92.95480300642586,18.02113312444668],[-92.9545041822997,18.02153397638077],[-92.95470409088091,18.0216981964934],[-92.95893572147205,18.02371837591097],[-92.95929841371262,18.02311234702123],[-92.95957350080702,18.02380071878891],[-92.96178484435472,18.02490332569774],[-92.9628907521799,18.02548558827211],[-92.96395894021948,18.02610790283688],[-92.96410829181829,18.02587995971122],[-92.96801625566326,18.02781768356052]]]}},{"type":"Feature","properties":{"name":"AMPLIACION LAGUNA 2","description":"","distrito":"VILLAHERMOSA"},"geometry":{"type":"Polygon","coordinates":[[[-92.90789262807,18.02157182631926],[-92.90643362409716,18.02099793206143],[-92.90602718240638,18.02087203804039],[-92.90542854669624,18.02050067336008],[-92.90451472207558,18.02030707947388],[-92.90215211716857,18.01980570450313],[-92.90092357920767,18.0190949536118],[-92.90040667236656,18.01826663879281],[-92.90039492564811,18.01725729867537],[-92.90036595684806,18.01656770894537],[-92.9003031281697,18.01582622866332],[-92.9001720772542,18.01534191757841],[-92.9004012522536,18.01531893243795],[-92.90035647107817,18.01479196606994],[-92.900022787052,18.01307091773613],[-92.89986182230113,18.01315638448203],[-92.89974833641436,18.01324254781302],[-92.89958864046412,18.01333689755529],[-92.89943315026322,18.01342019512938],[-92.89984561857976,18.01435040318502],[-92.89855158504139,18.01466285892841],[-92.89871196701363,18.01539472015087],[-92.89937705696926,18.0153227775304],[-92.89947115704007,18.01566147452338],[-92.89900840310756,18.01572120919008],[-92.89920472759908,18.01601754582059],[-92.89928813612327,18.01607964596172],[-92.89888224368028,18.01706628508045],[-92.89623010192864,18.01570261988396],[-92.89606414898184,18.01644782090887],[-92.89588493120216,18.01738572307702],[-92.89537947467366,18.01982347859318],[-92.89541049648086,18.02064726822706],[-92.89525192385794,18.02322176843298],[-92.89599024583565,18.02356002866798],[-92.89673779869803,18.02404819869506],[-92.89654853372365,18.02430348348185],[-92.89677979572414,18.0244969753985],[-92.89647384557956,18.02522543372765],[-92.89805415142327,18.02600977924217],[-92.89791841893098,18.02621317051381],[-92.89811249334858,18.02627756713539],[-92.90059625092681,18.02748795165803],[-92.89972079517855,18.02904136251031],[-92.90249238173953,18.03175752995343],[-92.90197144417732,18.03340641255314],[-92.90169299038875,18.0356986627822],[-92.90050146665767,18.03551480771974],[-92.89958554570664,18.04230653977728],[-92.9044827465921,18.04650707845021],[-92.9049362441662,18.04650707479406],[-92.9054668013147,18.04634754591542],[-92.90597358093082,18.04603312680899],[-92.90627911711887,18.04551784658691],[-92.90614237979587,18.04471647595923],[-92.90600958027386,18.04356360270999],[-92.90596214076172,18.04264027839966],[-92.9061330045072,18.04199813309702],[-92.90658594535519,18.04151932177783],[-92.9072548915903,18.04167708663271],[-92.90786409723832,18.0418473681146],[-92.90845183649309,18.0420631805649],[-92.90906196852752,18.04229339798744],[-92.90954214819094,18.0421067182],[-92.91054470015558,18.04161638094644],[-92.91118472131403,18.04090314750436],[-92.91147423298784,18.04034548114138],[-92.91171686843032,18.03979927015669],[-92.91192870069764,18.03925245412483],[-92.91215791359181,18.03858912916176],[-92.9121278035697,18.03803367742358],[-92.91177658796298,18.03750284821259],[-92.91142451599373,18.03731094174118],[-92.91088223948712,18.036469564814],[-92.91074102821469,18.03580582683767],[-92.91066044680473,18.03536900793491],[-92.91022684134535,18.03455496177133],[-92.90984224069052,18.03387332807886],[-92.90977263249522,18.03334074690883],[-92.91065243290826,18.03253173757498],[-92.91106417959146,18.03229801170835],[-92.91169021531033,18.03204543622993],[-92.91220845726295,18.03167991501403],[-92.91278577697824,18.03128391885306],[-92.91341373259804,18.03046245113326],[-92.91363339070129,18.0297843533284],[-92.91371994473802,18.02919706839895],[-92.913610590575,18.02870240213234],[-92.91321380201819,18.02782646700485],[-92.91291630539479,18.02663870917745],[-92.91244029970912,18.02564352578139],[-92.91214529762962,18.0246140307654],[-92.91179367851623,18.02379170979701],[-92.91129342345096,18.02300914027877],[-92.9106436464563,18.02241755015724],[-92.90996742276442,18.02190374948094],[-92.90929497699229,18.02168083379552],[-92.90789262807,18.02157182631926]]]}},{"type":"Feature","properties":{"name":"AMPLIACION LAGUNA 3","description":"","distrito":"VILLAHERMOSA"},"geometry":{"type":"Polygon","coordinates":[[[-92.90173873731521,18.03472426152784],[-92.90188745647455,18.03429824164037],[-92.90201294007466,18.03343577069142],[-92.90245000000002,18.03171],[-92.89876,18.0281],[-92.89762794389276,18.02689297648596],[-92.89706191413181,18.02758246256104],[-92.89750054975251,18.02806924983981],[-92.89701874378392,18.02855720404202],[-92.89703856723733,18.02875742193016],[-92.89546678269735,18.02855589238564],[-92.89526669994478,18.03011025257535],[-92.8951124216759,18.03126200037484],[-92.8950224237008,18.03198492759758],[-92.89530457965154,18.03206296975875],[-92.89519,18.03274],[-92.89515,18.03318],[-92.89584999999998,18.03327],[-92.89549,18.0349],[-92.89673999999998,18.03504],[-92.89627,18.03812],[-92.89617999999999,18.03852],[-92.89084092992296,18.0338016299512],[-92.89037714289064,18.03433291721537],[-92.89959,18.04229],[-92.89971,18.04137],[-92.89987,18.04049],[-92.90001999999998,18.03863],[-92.90016,18.03739],[-92.90025,18.03676],[-92.90034000000001,18.03623],[-92.90046000000001,18.03549],[-92.90162292761273,18.03565948997961],[-92.90173873731521,18.03472426152784]]]}},{"type":"Feature","properties":{"name":"AMPLIACION LAGUNA 4","description":"","distrito":"VILLAHERMOSA"},"geometry":{"type":"Polygon","coordinates":[[[-92.9129,17.99784],[-92.9126,17.99893],[-92.91246999999998,17.99989],[-92.91221,18.00062],[-92.91190000000002,18.00136],[-92.91154,18.00178],[-92.91137,18.00208],[-92.91082,18.00281],[-92.91055,18.00316],[-92.91001999999999,18.00391],[-92.90984999999999,18.00423],[-92.90867,18.00526],[-92.90765,18.00587],[-92.90752999999998,18.00624],[-92.90613,18.00661],[-92.90188,18.00735],[-92.89571,18.00736],[-92.89643,18.00977],[-92.89866,18.01005],[-92.89971,18.01043],[-92.90016,18.01081],[-92.90099,18.01228],[-92.90133,18.01364],[-92.90143,18.01513],[-92.90128999999999,18.01627],[-92.90114,18.01743],[-92.90185000000001,18.01846],[-92.90253,18.01806],[-92.90303,18.01779],[-92.90245999999999,18.01668],[-92.90251999999998,18.01556],[-92.90261,18.01455],[-92.90340999999998,18.01363],[-92.90388,18.01291],[-92.90434000000002,18.01215],[-92.90453,18.01215],[-92.90537,18.01433],[-92.90798,18.01306],[-92.9043,18.00797],[-92.90536,18.00749],[-92.90762999999998,18.01012],[-92.90844,18.00963],[-92.90737,18.00837],[-92.90953,18.00752],[-92.90871,18.00662],[-92.90824999999998,18.00626],[-92.91017,18.00524],[-92.91331,18.00941],[-92.91344,18.00922],[-92.91061,18.00475],[-92.91221,18.00243],[-92.91451000000002,18.00334],[-92.91426,18.00149],[-92.91354,18.00118],[-92.91482127723953,18.0017581069441],[-92.91519110773237,18.00130052285789],[-92.91583195599557,18.00154688617055],[-92.91812418155443,18.0017952251287],[-92.91936669811734,18.00155914778192],[-92.91954183723252,17.99947444143801],[-92.9129,17.99784]]]}},{"type":"Feature","properties":{"name":"AMPLIACION LAGUNA 5","description":"","distrito":"VILLAHERMOSA"},"geometry":{"type":"Polygon","coordinates":[[[-92.91136319566725,17.99753561727318],[-92.91203037092477,17.99490743983065],[-92.9130276951556,17.99134168231856],[-92.91411792879933,17.98951737744083],[-92.91580566573576,17.98743574097292],[-92.91720692309252,17.98604137791088],[-92.91786966286446,17.98534415936494],[-92.91879729724396,17.9844866486197],[-92.91969827720276,17.98341119676831],[-92.92013944940936,17.98265275206575],[-92.92058857418503,17.98204373937985],[-92.92094233832711,17.98153986275046],[-92.9212524150532,17.98049133844694],[-92.92140135408744,17.97942194830501],[-92.9208871201639,17.97850983779935],[-92.91980432223454,17.97744345979886],[-92.91838267765773,17.97648186002552],[-92.9168093561756,17.97575732262853],[-92.91471007998197,17.97534521362675],[-92.91461331890285,17.97582165546308],[-92.91449224335011,17.97639006079809],[-92.91442702791018,17.97685975854109],[-92.91430362589895,17.97735157585544],[-92.91398999566019,17.97801099579392],[-92.91334927459997,17.97908583336151],[-92.91206865587935,17.98136185601294],[-92.91443789555149,17.98171383617934],[-92.91499524875981,17.98128845933012],[-92.91680391095244,17.98208230599199],[-92.91585656320756,17.98354916541747],[-92.91442452232897,17.98254437762978],[-92.91402982769851,17.98360264052228],[-92.91367491137567,17.98463306177053],[-92.91465033068836,17.98525067165014],[-92.91475162976775,17.98582481111465],[-92.9156780850391,17.98594412215316],[-92.91506263531471,17.98662375357019],[-92.9151808615641,17.98662055062741],[-92.91497561616237,17.98687248461236],[-92.9146065317207,17.98725294976531],[-92.91379313721892,17.98691695518176],[-92.91352646910869,17.98728354013035],[-92.91281639629057,17.98805338804793],[-92.91189004879335,17.98931671827264],[-92.91117582632279,17.99036633405921],[-92.9109603123376,17.99070612790728],[-92.9108152857682,17.99147663080408],[-92.91040031155612,17.99336976840242],[-92.91016042151159,17.99452456767991],[-92.90986363519825,17.99486010466853],[-92.90860401972058,17.99535656285745],[-92.90822253941792,17.99655135208203],[-92.90889081026695,17.99659154490514],[-92.90880605692271,17.99695449748454],[-92.90885720470604,17.99714028913221],[-92.90835720695414,17.99765509453834],[-92.90973273841274,17.99854442142101],[-92.91069599172093,17.99922456195469],[-92.91136319566725,17.99753561727318]]]}},{"type":"Feature","properties":{"name":"AMPLIACION LAGUNA 7","description":"","distrito":"VILLAHERMOSA"},"geometry":{"type":"Polygon","coordinates":[[[-92.90811908920868,17.99753832916004],[-92.90602375327266,17.99937776614094],[-92.9057282648891,17.9989178896797],[-92.90524060705751,17.99826066922942],[-92.90435822891861,17.99827913528564],[-92.90507428061994,17.99941978006786],[-92.90615452857435,18.00127961439919],[-92.90764367357399,18.00359701678024],[-92.90859009228903,18.00284154354475],[-92.90945149733203,18.00179605286991],[-92.91021656425207,18.00047551346389],[-92.91079557409387,17.99924552408568],[-92.90811908920868,17.99753832916004]]]}},{"type":"Feature","properties":{"name":"AMPLIACION LAGUNA 8","description":"","distrito":"VILLAHERMOSA"},"geometry":{"type":"Polygon","coordinates":[[[-92.97181489940718,18.00754257710976],[-92.9714600992269,18.0064184663921],[-92.9710647610287,18.00496824179679],[-92.97046035218578,18.00523116074704],[-92.9704755949179,18.00556393411927],[-92.97003150602474,18.00562915687983],[-92.97048414548705,18.00755650381647],[-92.97053444083843,18.00800956895317],[-92.9710922264351,18.00814754226952],[-92.97036196414369,18.01079375791636],[-92.97033982834985,18.01109919148992],[-92.97095378741597,18.0110406599536],[-92.97157081742854,18.0112227426099],[-92.97123170465385,18.01236283522114],[-92.97006515388236,18.01201142989555],[-92.96981646192744,18.01277413536382],[-92.96794026391709,18.01216669978084],[-92.96795223243535,18.01219495212771],[-92.96772296068137,18.01274537417351],[-92.96791596868489,18.01282423075611],[-92.9676304370244,18.01368408872933],[-92.96751846096029,18.01360998623007],[-92.96725020395904,18.01436821637125],[-92.9674082642656,18.01442460358304],[-92.96665486177122,18.0166175171717],[-92.96654037031774,18.01693714519445],[-92.96621646115385,18.01748223344539],[-92.96762036858885,18.0179306444069],[-92.96749329841317,18.01842712792265],[-92.96807211150738,18.01854304891231],[-92.96766525335076,18.01985013382043],[-92.96747229488417,18.01970022203068],[-92.96735585326218,18.01944297989618],[-92.96730465552878,18.01913387823505],[-92.96701743048669,18.01908638048899],[-92.96663262847314,18.01900017497691],[-92.96654182732739,18.01926581619301],[-92.96599282964277,18.01953962397497],[-92.96554715150357,18.01942426673623],[-92.96536023346967,18.01959712385701],[-92.96458529210648,18.01927763308676],[-92.96405520483056,18.01982346906663],[-92.96368174424929,18.02027835838716],[-92.96345228872734,18.02046431996389],[-92.96448927450297,18.02073584260202],[-92.96441622530855,18.02137715967488],[-92.96846569499765,18.02280235556045],[-92.96936720224342,18.02150941416448],[-92.97428974699903,18.00801433166527],[-92.97493414948502,18.00782384842167],[-92.97567399296233,18.00795227660373],[-92.97619607236975,18.00815876116973],[-92.97686285688118,18.00842139994248],[-92.97751784236874,18.00722599714526],[-92.97719302431148,18.00716839735545],[-92.97779173352166,18.00637216053834],[-92.97716395927056,18.00607581375003],[-92.9773430877725,18.00587448590399],[-92.97774476714673,18.00594675778013],[-92.97787504134418,18.00575575435096],[-92.97802702782668,18.00570413164575],[-92.97828214801501,18.00561637271266],[-92.97861069603385,18.00499717531407],[-92.9779705206317,18.00476135649971],[-92.97827224032385,18.0045483342306],[-92.97819065384951,18.00424176111135],[-92.97840184123713,18.00415533605466],[-92.9783824915036,18.00401497015996],[-92.97824985660553,18.00342508336967],[-92.97758433574415,18.00354732297692],[-92.97751885144355,18.00172374393751],[-92.9764816196569,18.00150081006267],[-92.97657855457943,18.00126153483253],[-92.97612252568675,18.00117632590305],[-92.97628039277372,18.00028810178508],[-92.97501597164877,18.00010881308944],[-92.97499220896289,18.00019436783389],[-92.97412104258777,18.00027619328801],[-92.9741852860468,18.001166906511],[-92.974768036563,18.00174876634526],[-92.97364070649165,18.00248298654023],[-92.97415679512469,18.00335800360554],[-92.9730717270748,18.00384261251206],[-92.97226627187705,18.00252280353157],[-92.97101589347157,18.00300185374204],[-92.973239930466,18.00720611903498],[-92.9731454192632,18.00772382606649],[-92.97181489940718,18.00754257710976]]]}},{"type":"Feature","properties":{"name":"AMPLIACION LAGUNA 8","description":"","distrito":"VILLAHERMOSA"},"geometry":{"type":"Polygon","coordinates":[[[-92.97828282975948,18.00558398726467],[-92.9786102526505,18.00499526919298],[-92.97797321153013,18.0047502284797],[-92.97827309775354,18.0045482211388],[-92.97819519776576,18.00424119374059],[-92.9784023461987,18.00413126605222],[-92.97823530255145,18.00342514762993],[-92.977588057051,18.00354391258081],[-92.97749055478235,18.00174167230275],[-92.9765105503599,18.00148371713962],[-92.97655560472708,18.00125418440946],[-92.97615447630258,18.00114767626836],[-92.97626479533545,18.0002878907542],[-92.97590118118833,18.00023686562994],[-92.9749777913883,18.00014567820419],[-92.97404486805105,18.00023151071059],[-92.97419597478695,18.00114885224927],[-92.97475928070239,18.00174611429279],[-92.97355038375602,18.00254863674079],[-92.97412356735721,18.00321550128034],[-92.97307939464893,18.00381126962125],[-92.97226540098511,18.00252255082949],[-92.97065040171708,18.00329105492205],[-92.97319349068133,18.00716859134901],[-92.97309714370908,18.00778192941787],[-92.97181075108293,18.00756708475494],[-92.97104120901332,18.00504023341164],[-92.9705046188728,18.00528542459639],[-92.97049596025421,18.005573757463],[-92.97005361867299,18.00562417285516],[-92.97053034895742,18.00757202418109],[-92.97471070544754,18.00793403413357],[-92.9751567544485,18.00789115971847],[-92.9768548271335,18.00840112161442],[-92.97725693456492,18.00766593651894],[-92.97749429136934,18.00726089411809],[-92.97722162946374,18.00718187364647],[-92.97780092950444,18.00636755209913],[-92.97711690554254,18.00604665756248],[-92.97729229979359,18.00584032530283],[-92.97773176529,18.00595506077422],[-92.97790467692967,18.00575945780504],[-92.97815200348289,18.00565083633852],[-92.97828282975948,18.00558398726467]]]}},{"type":"Feature","properties":{"name":"AMPLIACION LAGUNA 9","description":"","distrito":"VILLAHERMOSA"},"geometry":{"type":"Polygon","coordinates":[[[-92.9098243378754,17.99411324877979],[-92.90528975440651,17.99330590255592],[-92.90360304069449,17.99670150866394],[-92.90410006058738,17.99742195613983],[-92.9052504901627,17.99620077679826],[-92.90784024273796,17.99524801351587],[-92.90957248681207,17.99470922016163],[-92.90998278988334,17.99427977931438],[-92.9098243378754,17.99411324877979]]]}},{"type":"Feature","properties":{"name":"AMPLIACION LAGUNA 10","description":"","distrito":"VILLAHERMOSA"},"geometry":{"type":"Polygon","coordinates":[[[-92.90791152846961,18.01308892315757],[-92.90789235233662,18.01311544883423],[-92.90534306690756,18.01435828811928],[-92.9059039552125,18.01537436873289],[-92.90716732601805,18.01469835505171],[-92.9070107947901,18.01434422873629],[-92.90722875500828,18.01426908703839],[-92.90740930187488,18.01480367733011],[-92.90762711892991,18.01468515841999],[-92.90797831972513,18.01497596822997],[-92.90879358583365,18.01438802765308],[-92.90797161436723,18.01305577705681],[-92.90791152846961,18.01308892315757]]]}},{"type":"Feature","properties":{"name":"AMPLIACION LAGUNA 11","description":"","distrito":"VILLAHERMOSA"},"geometry":{"type":"Polygon","coordinates":[[[-92.9959625323566,18.00913424773512],[-92.99616803308571,18.0089117923912],[-92.99646819332065,18.00875350856147],[-92.99691341426114,18.00868702852731],[-92.99712502753991,18.00869176780557],[-92.99731747691922,18.00861607211911],[-92.9976613881373,18.00939264646201],[-92.99810570790626,18.00920948932842],[-92.99828130458916,18.0097723921654],[-92.99897628868516,18.00955040621416],[-92.99953436299893,18.00906769105124],[-93.00220230020557,18.00876811574324],[-93.002376007425,18.00865025756018],[-93.0020193897321,18.00759619019444],[-93.00285025826525,18.00731571082201],[-93.00268156773717,18.00672259958847],[-93.00385309753335,18.00623879961515],[-93.0036630957803,18.00574848414068],[-93.00457815151674,18.00542680230999],[-93.00482669106184,18.00412370380789],[-93.00273443793188,18.00360525022605],[-93.00038861947893,18.00292723796671],[-92.99994941977184,18.00298625743343],[-92.99840782896389,18.00363740177453],[-92.99921981992149,18.00573936712822],[-92.9973690649603,18.00646483862067],[-92.99758414136593,18.00712979717525],[-92.9960397355499,18.00767500974173],[-92.99541639283305,18.00783196170513],[-92.99524064232754,18.00789510479253],[-92.99517034227812,18.00803996076598],[-92.99500323735231,18.00807055562796],[-92.99431518558114,18.0083257734121],[-92.99461491458959,18.0091168415112],[-92.99494636215243,18.00937498104232],[-92.99523827666991,18.009400635561],[-92.99551490294301,18.00933797651444],[-92.99588853365317,18.00925065070171],[-92.9959625323566,18.00913424773512]]]}},{"type":"Feature","properties":{"name":"AMPLIACION LAGUNA 11","description":"","distrito":"VILLAHERMOSA"},"geometry":{"type":"Polygon","coordinates":[[[-92.987587,18.021105],[-92.988878,18.019011],[-92.988708,18.018687],[-92.987839,18.017404],[-92.986146,18.016517],[-92.985297,18.014276],[-92.985809,18.013771],[-92.985158,18.013401],[-92.984844,18.01321],[-92.984234,18.012856],[-92.98359000000002,18.014071],[-92.984826,18.014593],[-92.984209,18.01475],[-92.983653,18.015163],[-92.983208,18.016109],[-92.987436,18.018474],[-92.986323,18.020425],[-92.987587,18.021105]]]}},{"type":"Feature","properties":{"name":"AMPLIACION LAGUNA 12","description":"","distrito":"VILLAHERMOSA"},"geometry":{"type":"Polygon","coordinates":[[[-92.9784128465942,18.00459369137248],[-92.9833982977249,18.00339196175833],[-92.98348694909905,17.99973072941387],[-92.98377080130189,17.99907023879485],[-92.97966758913132,17.99816733329179],[-92.97630546548075,17.99839291742997],[-92.97172569453656,17.99839149381711],[-92.97019480012086,17.99498017261616],[-92.96926340509756,17.9954063051917],[-92.96796980811212,17.9959963162105],[-92.96603846519687,17.99574961543884],[-92.96436598000938,17.99497812820475],[-92.96240861529016,17.99401371017881],[-92.96094301663234,17.9934882959826],[-92.96021873425471,17.99347160985412],[-92.96014974744963,17.99348798465223],[-92.95928739674049,17.99371726538169],[-92.95876967725462,17.99458635054096],[-92.95832086071789,17.99561947144822],[-92.9582863489094,17.99566866211428],[-92.95826868101113,17.99665274552073],[-92.9583203891252,17.99671837203329],[-92.95916502740471,17.9976207819066],[-92.95919950389143,17.9976535980741],[-92.95988889389172,17.99863794658037],[-92.95992337054062,17.99867076256742],[-92.96054383048615,17.9995402751246],[-92.96081951158912,18.00011443372961],[-92.96284105158854,18.00039854891106],[-92.96329712525797,18.00074221161564],[-92.96339252284284,17.99987447260716],[-92.96753651954624,17.99982169140159],[-92.97059931391857,18.00027471642398],[-92.97255726346606,18.00032957071688],[-92.97415283614372,18.00035244555644],[-92.97579001132681,18.0002318915865],[-92.97714311392146,18.00215670941796],[-92.9784128465942,18.00459369137248]]]}},{"type":"Feature","properties":{"name":"AMPLIACION LAGUNA 15","description":"","distrito":"VILLAHERMOSA"},"geometry":{"type":"Polygon","coordinates":[[[-92.8954429624882,18.03779120366972],[-92.89580531275382,18.03822011582677],[-92.89610400118046,18.03845037974804],[-92.89658963160163,18.03598514236137],[-92.89473705017589,18.03572685269775],[-92.89468967136169,18.03603563854581],[-92.89424235555518,18.03641256580617],[-92.89332747447126,18.03570221142147],[-92.89335684287252,18.03539060698236],[-92.8928972968795,18.03531998460782],[-92.89302591204873,18.03448514148835],[-92.89485052988276,18.0347520294751],[-92.89482638933903,18.0349609222453],[-92.8956247426057,18.03507676339001],[-92.8967066056473,18.03520827420444],[-92.89672771445522,18.0350659780195],[-92.8956314752053,18.03493722342721],[-92.89586131509554,18.03331068021132],[-92.8951480572508,18.03319329883838],[-92.89325917853402,18.03303909283323],[-92.8932685194495,18.03269840329525],[-92.89520203961412,18.03287213501049],[-92.89530729075936,18.03205253476724],[-92.89501244044403,18.03200894553144],[-92.89546706571683,18.02855464202874],[-92.8970330516357,18.0287475237549],[-92.89702193149971,18.02856517925012],[-92.89748780382813,18.0280877723821],[-92.89706127797778,18.02757323715483],[-92.89764032768821,18.02688365700379],[-92.89970022668987,18.02900966711797],[-92.90058371277777,18.02752172257564],[-92.89795200842138,18.02619373432368],[-92.89803749957626,18.02605846923092],[-92.89641583953912,18.02523966743469],[-92.89677211433823,18.02459037595768],[-92.89657313146617,18.02427899295043],[-92.89665873799912,18.02399487604673],[-92.8951935977074,18.02322247719882],[-92.89343377458466,18.02645541432616],[-92.89060308102918,18.02491065362874],[-92.8895837552077,18.02660606329813],[-92.88888603299687,18.02710623048667],[-92.88796080935222,18.0273626459807],[-92.88719220466103,18.02751092009596],[-92.88660874487046,18.02748341306057],[-92.885411089724,18.02686000938144],[-92.8848274172328,18.0270896082318],[-92.88516805105156,18.02815892198745],[-92.88529480079201,18.02970171475052],[-92.88584624484012,18.03007561421129],[-92.88906074591044,18.0321998647624],[-92.89064515029722,18.03355820768428],[-92.8954429624882,18.03779120366972]]]}},{"type":"Feature","properties":{"name":"AMPLIACION LAGUNA 16","description":"","distrito":"VILLAHERMOSA"},"geometry":{"type":"Polygon","coordinates":[[[-92.89701597730743,18.01205408107041],[-92.89710930409665,18.01193522214115],[-92.89733496251685,18.01194386349215],[-92.89853697716693,18.01272419816975],[-92.8988202166331,18.01464070612428],[-92.89977672736869,18.01446687289905],[-92.8998493150512,18.01482351631876],[-92.89893360628524,18.0149671764679],[-92.8989845587528,18.01531477580944],[-92.89968194939652,18.0152362033913],[-92.90000930169259,18.01500895987572],[-92.90046032644635,18.01554590824357],[-92.90030350264384,18.01404318790726],[-92.90003646784393,18.01324983909936],[-92.89956370775774,18.01166104263024],[-92.89870642583278,18.01108087883455],[-92.89775859173558,18.01084410635546],[-92.8957500949924,18.01037045105423],[-92.89577268373452,18.0103490006547],[-92.8963233707608,18.01114688003099],[-92.8968261520988,18.01164886358391],[-92.89627793089966,18.01469546049848],[-92.89628835101963,18.01470688873974],[-92.89612713864993,18.01571654545769],[-92.89637480313188,18.01580371463529],[-92.89701597730743,18.01205408107041]]]}},{"type":"Feature","properties":{"name":"LAGUNA_2_A","description":"","distrito":"VILLAHERMOSA"},"geometry":{"type":"Polygon","coordinates":[[[-92.97332522873513,18.0237131218161],[-92.97348567065046,18.02285724741717],[-92.96918247540243,18.02181205274779],[-92.96848193802259,18.0228180502809],[-92.96838888782789,18.02327948181055],[-92.9696559168875,18.0237436637945],[-92.96905420301842,18.02535118441614],[-92.97074558052341,18.02601444404372],[-92.97054999711129,18.02665564663119],[-92.97114023937185,18.02715370012148],[-92.97114759913022,18.02757487977622],[-92.97136045052068,18.02766302931129],[-92.97193824495824,18.02623786279575],[-92.97213663590213,18.02614455634051],[-92.97300372378187,18.02364967645295],[-92.97332522873513,18.0237131218161]]]}},{"type":"Feature","properties":{"name":"LAGUNA_A","description":"","distrito":"VILLAHERMOSA"},"geometry":{"type":"Polygon","coordinates":[[[-92.88410204585712,18.00809703758021],[-92.8840908976172,18.00704455555909],[-92.88412696737308,18.0063552772256],[-92.88412698418945,18.00567798476033],[-92.88310830109707,18.0056779469585],[-92.882621490124,18.0057465131726],[-92.88198327653562,18.00596312388225],[-92.88189807011932,18.00571227595698],[-92.8814214123577,18.00593345232921],[-92.88118672943898,18.00537855902122],[-92.88026508451802,18.00598185287776],[-92.87908345428812,18.00683548988416],[-92.87809761435074,18.0076118207414],[-92.87759548994282,18.00806353689299],[-92.87682826208044,18.00874237995564],[-92.87576699251609,18.00969700811035],[-92.87639239317113,18.01019998392909],[-92.87670127875619,18.01039167134024],[-92.87690115564499,18.01060748062808],[-92.87718855732932,18.01028001680618],[-92.87751293014678,18.01002720939979],[-92.87779876324555,18.00986749672664],[-92.87801310043804,18.01008327304901],[-92.87820868577319,18.01040814328903],[-92.87845895129801,18.01069393996044],[-92.87894960229866,18.01040623727522],[-92.8787091112081,18.00997298323062],[-92.87938298094645,18.00952618836649],[-92.87967050834452,18.00938473698872],[-92.87981865115746,18.00958099384896],[-92.88007236146632,18.00945782879728],[-92.87903580106256,18.00808439925117],[-92.88054899789825,18.00727308020706],[-92.88094300843923,18.00798603153951],[-92.88111364717312,18.00841105543558],[-92.88154431201909,18.0092920193609],[-92.88181246574263,18.00987933402304],[-92.88234354477129,18.01093209311673],[-92.88285463199779,18.01195650780661],[-92.88319634373853,18.01196663220795],[-92.88342833282191,18.01229504260371],[-92.88363441904046,18.01210727585273],[-92.88352964257683,18.01091521882472],[-92.88394178112955,18.01065707276435],[-92.88414690175568,18.01067460812334],[-92.88410204585712,18.00809703758021]]]}},{"type":"Feature","properties":{"name":"HEROES","description":"","distrito":"VILLAHERMOSA"},"geometry":{"type":"Polygon","coordinates":[[[-92.98854999999999,17.976965],[-92.988579,17.976979],[-92.991134,17.975267],[-92.992372,17.974867],[-92.99400299999999,17.973385],[-92.99562900000001,17.971767],[-92.996584,17.970071],[-92.996677,17.968499],[-92.997916,17.966223],[-93.000537,17.964554],[-93.001803,17.964082],[-93.003083,17.96389],[-93.01189300000001,17.963627],[-93.019515,17.962593],[-93.019801,17.962569],[-93.020005,17.962176],[-93.02014500000001,17.961994],[-93.020342,17.961903],[-93.02046899999999,17.96174],[-93.020634,17.961601],[-93.020691,17.961462],[-93.02071,17.96131],[-93.02071700000002,17.961099],[-93.020666,17.960863],[-93.020602,17.960645],[-93.02055100000001,17.960464],[-93.020437,17.960185],[-93.02023300000002,17.959749],[-93.020212,17.959465],[-93.02016099999999,17.95879],[-93.020226,17.958031],[-93.020458,17.957317],[-93.021263,17.95574],[-93.02132400000002,17.955571],[-93.020882,17.954928],[-93.02060799999998,17.954592],[-93.02021799999999,17.954063],[-93.019948,17.953756],[-93.019948,17.95359],[-93.01993799999998,17.953465],[-93.019911,17.953304],[-93.01983700000001,17.953088],[-93.019763,17.952932],[-93.01968900000001,17.952827],[-93.01961,17.952666],[-93.01952,17.95251],[-93.01942500000001,17.95248],[-93.01905099999999,17.952853],[-93.014172,17.957584],[-93.014335,17.957831],[-93.014578,17.957881],[-93.014775,17.957941],[-93.014526,17.960466],[-93.012901,17.960523],[-93.012866,17.960854],[-93.012448,17.960839],[-93.009905,17.960187],[-93.009803,17.960111],[-93.00925800000002,17.960512],[-93.008389,17.960341],[-93.007766,17.959871],[-93.007003,17.959941],[-93.007031,17.960053],[-93.00583000000002,17.960218],[-93.00553799999999,17.960235],[-93.005269,17.960304],[-93.00416700000001,17.960159],[-93.00419199999999,17.961162],[-93.00388,17.961151],[-93.00387499999998,17.96166],[-93.003797,17.96166],[-93.003296,17.961464],[-93.00315099999999,17.961358],[-93.002484,17.961409],[-93.00239600000002,17.961213],[-93.002323,17.960969],[-93.002277,17.96071],[-93.002254,17.960484],[-93.001806,17.960266],[-93.001542,17.960138],[-93.002049,17.959519],[-93.00217300000001,17.959379],[-93.002264,17.959295],[-93.002344,17.959234],[-93.002436,17.959185],[-93.00242400000002,17.958765],[-93.002419,17.95858],[-93.002001,17.958585],[-93.001991,17.958517],[-93.001839,17.958525],[-93.00179,17.9583],[-93.003204,17.957599],[-93.00148799999998,17.955939],[-92.99799700000001,17.958171],[-92.998666,17.958826],[-92.999014,17.959081],[-92.999221,17.95917],[-92.997054,17.959119],[-92.996833,17.959336],[-92.99667299999999,17.959218],[-92.993134,17.959219],[-92.9903,17.957704],[-92.98996500000001,17.95767],[-92.98959499999998,17.95761],[-92.989532,17.95693],[-92.989485,17.956731],[-92.98912,17.956488],[-92.98892499999998,17.955192],[-92.990399,17.952135],[-92.988926,17.950861],[-92.988535,17.949346],[-92.986741,17.949498],[-92.985911,17.949601],[-92.986086,17.950024],[-92.985989,17.950622],[-92.985825,17.951248],[-92.985769,17.952052],[-92.983351,17.955409],[-92.98051800000002,17.957948],[-92.979046,17.959684],[-92.97825399999999,17.961028],[-92.976787,17.964434],[-92.97530799999998,17.967852],[-92.97435199999998,17.968386],[-92.97351899999998,17.96876],[-92.972765,17.968835],[-92.972068,17.968856],[-92.97100299999998,17.968665],[-92.970058,17.968407],[-92.968384,17.967657],[-92.967822,17.967518],[-92.96676600000002,17.966993],[-92.965574,17.966522],[-92.96462500000001,17.966189],[-92.96380499999998,17.965441],[-92.963445,17.964521],[-92.96324800000001,17.96402],[-92.962918,17.963645],[-92.96279499999999,17.962776],[-92.96317,17.961296],[-92.963378,17.959776],[-92.96338300000001,17.957297],[-92.96422,17.956802],[-92.96427600000001,17.95649],[-92.96426099999998,17.955895],[-92.96414300000002,17.955387],[-92.964151,17.955052],[-92.964168,17.954771],[-92.96434199999999,17.95454],[-92.964385,17.954218],[-92.96434199999999,17.953698],[-92.964272,17.953351],[-92.96441100000001,17.953004],[-92.96442000000002,17.952599],[-92.964295,17.951926],[-92.96411200000001,17.951868],[-92.963708,17.951903],[-92.96339899999998,17.950645],[-92.96294599999999,17.949712],[-92.962115,17.948943],[-92.961351,17.948456],[-92.961352,17.948085],[-92.95938600000001,17.946961],[-92.958729,17.947076],[-92.958059,17.946707],[-92.957531,17.946464],[-92.956941,17.946188],[-92.956281,17.945828],[-92.954539,17.94478],[-92.95249899999999,17.943217],[-92.951041,17.945272],[-92.94924099999999,17.947866],[-92.947821,17.946895],[-92.94755306634462,17.94721973064384],[-92.94419704698436,17.94482259563017],[-92.94395419044294,17.94518971587318],[-92.94333984256468,17.94562129174923],[-92.94660650840869,17.94843355353425],[-92.945949,17.949209],[-92.945302,17.949765],[-92.94387599999999,17.950598],[-92.942489,17.950952],[-92.938537,17.95239],[-92.933183,17.954191],[-92.93041999999998,17.955078],[-92.929782,17.955328],[-92.92929699999999,17.955599],[-92.929026,17.95575],[-92.928742,17.955935],[-92.928562,17.956021],[-92.92831899999999,17.956299],[-92.928054,17.956673],[-92.927975,17.957048],[-92.92845100000001,17.958003],[-92.92875299999999,17.958631],[-92.92896999999999,17.959259],[-92.92915200000002,17.959727],[-92.929243,17.960475],[-92.92929399999998,17.960963],[-92.92931599999999,17.96143],[-92.929327,17.961825],[-92.929326,17.96293],[-92.929261,17.963631],[-92.929123,17.964309],[-92.92892599999999,17.964695],[-92.927781,17.966029],[-92.926777,17.966844],[-92.925874,17.967503],[-92.925091,17.967728],[-92.92385000000002,17.967882],[-92.922918,17.967755],[-92.920169,17.967332],[-92.919389,17.967106],[-92.917959,17.966796],[-92.91681,17.966205],[-92.91596300000002,17.967174],[-92.916315,17.967878],[-92.916996,17.968174],[-92.917675,17.968414],[-92.919271,17.968696],[-92.921402,17.969033],[-92.92230300000001,17.969372],[-92.92313000000001,17.970048],[-92.923677,17.970583],[-92.924133,17.971028],[-92.924534,17.971168],[-92.927373,17.967914],[-92.928835,17.966765],[-92.92999200000001,17.966768],[-92.935586,17.967426],[-92.942325,17.968178],[-92.947242,17.968786],[-92.948699,17.967937],[-92.947714,17.975549],[-92.953299,17.975796],[-92.95229,17.977015],[-92.951166,17.979059],[-92.950749,17.979512],[-92.95182899999999,17.980827],[-92.95211,17.981011],[-92.95231300000002,17.981051],[-92.956627,17.981413],[-92.961837,17.981918],[-92.96183299999998,17.981324],[-92.96185,17.980861],[-92.95993299999999,17.980606],[-92.960142,17.978761],[-92.96034,17.978434],[-92.960652,17.97773],[-92.960767,17.977612],[-92.962044,17.977734],[-92.962476,17.97783],[-92.96263,17.978041],[-92.963053,17.978134],[-92.96337999999999,17.97821],[-92.96388599999999,17.978279],[-92.964107,17.978517],[-92.96409099999998,17.978874],[-92.96431099999998,17.979105],[-92.964615,17.979488],[-92.96497699999999,17.979968],[-92.965366,17.980078],[-92.965818,17.98004],[-92.96595800000001,17.979911],[-92.966058,17.979691],[-92.96623,17.979219],[-92.966202,17.979079],[-92.96610000000001,17.978896],[-92.966218,17.978608],[-92.966236,17.978507],[-92.965783,17.978085],[-92.965947,17.977449],[-92.966464,17.977127],[-92.966923,17.976723],[-92.967095,17.976661],[-92.967195,17.976501],[-92.967756,17.975936],[-92.968038,17.975295],[-92.968019,17.974826],[-92.968321,17.974486],[-92.968825,17.974572],[-92.969069,17.975441],[-92.96917899999998,17.975895],[-92.969275,17.976759],[-92.96905299999999,17.97759],[-92.968527,17.977992],[-92.968237,17.97859],[-92.972281,17.980898],[-92.97354000000001,17.979433],[-92.974332,17.980475],[-92.976382,17.98045],[-92.977661,17.980693],[-92.978551,17.980967],[-92.979082,17.98109],[-92.979963,17.981411],[-92.980815,17.98161],[-92.981498,17.981647],[-92.982088,17.981556],[-92.983775,17.981095],[-92.985143,17.980409],[-92.986329,17.979379],[-92.98854999999999,17.976965]],[[-92.987346,17.974166],[-92.987108,17.973883],[-92.987941,17.972288],[-92.986825,17.971947],[-92.98631100000001,17.972076],[-92.98566300000002,17.972531],[-92.984455,17.973187],[-92.984256,17.97245],[-92.98304099999999,17.971112],[-92.982428,17.970488],[-92.981659,17.970289],[-92.98089,17.970222],[-92.980543,17.970989],[-92.979108,17.970721],[-92.977844,17.971157],[-92.976742,17.972379],[-92.976566,17.972689],[-92.977931,17.973819],[-92.97756800000002,17.974329],[-92.977488,17.974597],[-92.977265,17.974783],[-92.97496500000001,17.972909],[-92.973568,17.972083],[-92.978272,17.968774],[-92.979694,17.967939],[-92.98153099999999,17.966392],[-92.981961,17.966889],[-92.98331700000001,17.966277],[-92.98120399999999,17.964209],[-92.985146,17.960282],[-92.985765,17.96135],[-92.987061,17.962318],[-92.987442,17.962262],[-92.98816300000001,17.961623],[-92.987122,17.960073],[-92.98822299999999,17.959304],[-92.98946199999999,17.958512],[-92.990752,17.959542],[-92.990945,17.961963],[-92.990224,17.962774],[-92.991882,17.964229],[-92.992822,17.965274],[-92.98824499999999,17.967216],[-92.988998,17.969535],[-92.98967900000001,17.971468],[-92.989214,17.971617],[-92.988564,17.971273],[-92.987942,17.9723],[-92.987109,17.973883],[-92.98734500000002,17.974162],[-92.987346,17.974166]]]}},{"type":"Feature","properties":{"name":"AMPLIACION PENSIONES 1","description":"","distrito":"VILLAHERMOSA"},"geometry":{"type":"MultiPolygon","coordinates":[[[[-92.91449468999998,17.93094734],[-92.91498919,17.93013568],[-92.91451446248122,17.92918390557556],[-92.91577751655859,17.92734471370472],[-92.91660913,17.92580958],[-92.91560644,17.92267212],[-92.91364771000002,17.92024618],[-92.91673486999998,17.92020436],[-92.91808284,17.920032],[-92.92102867,17.92019305],[-92.92155723000002,17.91890858],[-92.92258065,17.91694745],[-92.92328246,17.91421047],[-92.92362254999999,17.91165616],[-92.92245998000001,17.9093451],[-92.92226387,17.90815417],[-92.9241443,17.9089282],[-92.92419246000001,17.90892807],[-92.92592804999998,17.909565],[-92.92802509000002,17.91026967],[-92.92867892,17.91150521],[-92.9320217,17.90944993],[-92.93333992,17.91061399],[-92.93329622,17.91065581],[-92.93277224999999,17.91130359],[-92.93492528,17.91315349],[-92.93593418,17.91344268],[-92.93632743,17.91304546],[-92.9361955,17.91289986],[-92.94079787000001,17.91146854],[-92.94123486,17.91108131],[-92.94028659000001,17.9087523],[-92.93772369,17.90909901],[-92.93826609,17.90599384],[-92.93511721000002,17.90572447],[-92.93435708000001,17.90657581],[-92.93206854,17.90641211],[-92.93091339,17.90635016],[-92.93280672,17.90077948],[-92.92626548000001,17.90068965],[-92.92626251,17.89968802],[-92.92272495999998,17.89840947],[-92.92168059,17.90120254],[-92.91765901,17.9016065],[-92.91623919,17.90465095],[-92.91620169,17.90468682],[-92.91542069999998,17.90765807],[-92.91195117,17.90878282],[-92.90784412,17.90988711],[-92.90658851,17.90932691],[-92.90405086,17.91122257],[-92.90454106,17.91502749],[-92.9001834,17.91759804],[-92.90033607000001,17.91774253],[-92.90376081,17.92632986],[-92.91449468999998,17.93094734]]]]}},{"type":"Feature","properties":{"name":"AMPLIACION  HEROES 4","description":"","distrito":"VILLAHERMOSA"},"geometry":{"type":"Polygon","coordinates":[[[-92.92195771348565,17.95595488730308],[-92.92059137030336,17.95882650542816],[-92.92337899698809,17.96089041895256],[-92.92071676678874,17.96357216412229],[-92.91977558029124,17.9651965614406],[-92.91921810357685,17.96624942335988],[-92.9240053882467,17.96750047212607],[-92.92584879027214,17.96719785790823],[-92.92786131306342,17.96569784353271],[-92.92842846953617,17.96456241252485],[-92.9287592773657,17.96279147979308],[-92.92848320403871,17.96050845537166],[-92.9279079019361,17.95865005802565],[-92.9275606192374,17.95800386757746],[-92.92727580409453,17.95738055151407],[-92.92785960166147,17.95519496263329],[-92.93272503303743,17.95338159816979],[-92.93786558461261,17.95148269605916],[-92.94330045797756,17.95003569416824],[-92.94469255565575,17.94910805372162],[-92.94677100017314,17.94706064578701],[-92.94813641974115,17.94505384024395],[-92.95066633635057,17.94159368156075],[-92.95040445485985,17.94105625614038],[-92.94978155934987,17.9401504339803],[-92.94996649152358,17.93910482545475],[-92.95188747024419,17.93692726209684],[-92.950587630767,17.93557237071681],[-92.94783693588026,17.93451514254374],[-92.94297945000699,17.93976010566641],[-92.94229554301157,17.94070090396643],[-92.94428265283818,17.9430182419761],[-92.94394429131202,17.94503053178233],[-92.94255017543398,17.94615449382536],[-92.94052242432593,17.94733029270181],[-92.93574351611461,17.94904638342339],[-92.92195771348565,17.95595488730308]]]}},{"type":"Feature","properties":{"name":"AMPLIACION LAGUNA 14","description":"","distrito":"VILLAHERMOSA"},"geometry":{"type":"Polygon","coordinates":[[[-92.91184905769667,17.98107898249087],[-92.91248004261976,17.97969024697088],[-92.91368415230589,17.97778432966242],[-92.91422913695122,17.97655893094019],[-92.91457365017484,17.97536062844453],[-92.91296999798215,17.97527795594105],[-92.91188218844566,17.97473252182901],[-92.91105246619345,17.97372417490205],[-92.91035812846955,17.97236213730347],[-92.90978651198573,17.97083641671222],[-92.9099306321718,17.96958350472439],[-92.90984573165952,17.96824870744553],[-92.91044860281872,17.96596668663371],[-92.9137010717932,17.95973257478355],[-92.91321472654865,17.95907855091248],[-92.91307152947412,17.95910570210143],[-92.91095167492956,17.96033010734912],[-92.91086571408904,17.96041176697258],[-92.91063646509157,17.96065676334711],[-92.90874557566474,17.96212638670612],[-92.90754192722831,17.96356919674367],[-92.90602381279807,17.96430360959373],[-92.9046779750238,17.96438442277412],[-92.90399131869482,17.96364854083732],[-92.9032486490673,17.96125113178249],[-92.90276341954758,17.95920798236229],[-92.90270623541626,17.95909899230913],[-92.90207725097514,17.95784561652437],[-92.90143637586378,17.955251658877],[-92.90089822722008,17.95390979699795],[-92.89969591080063,17.9533171263866],[-92.89654295850852,17.95441966067872],[-92.8934731623255,17.95516707731022],[-92.89210442738857,17.95516605528906],[-92.89181607442201,17.95264061024798],[-92.89223318949664,17.94960265743288],[-92.89298064098409,17.94845891115002],[-92.89305161276853,17.94768437537138],[-92.8858780847956,17.94574543854762],[-92.88587795826109,17.94590327342351],[-92.88587779990736,17.94610056692316],[-92.88288628095474,17.95237186218917],[-92.88856542993135,17.95616398281211],[-92.89162378232231,17.96945508075216],[-92.89187165238363,17.97067840384519],[-92.89290744649169,17.97213906316301],[-92.89460163105177,17.98024541585211],[-92.90308968480393,17.98665353426314],[-92.90450149553408,17.98476059973568],[-92.90570381791048,17.98566889406099],[-92.90744634745096,17.98531495785703],[-92.90856675120594,17.98480277619004],[-92.90972828628193,17.98480354619312],[-92.91113863730378,17.98496230258483],[-92.91184905769667,17.98107898249087]]]}},{"type":"Feature","properties":{"name":"AMPLIACION HEROES 2","description":"","distrito":"VILLAHERMOSA"},"geometry":{"type":"Polygon","coordinates":[[[-92.97835770126122,17.9587852165954],[-92.98029557385917,17.95694028722923],[-92.9822307503864,17.95564408048482],[-92.98377035676405,17.95380392235006],[-92.98513421442077,17.95158716088218],[-92.98443124233441,17.94974634656126],[-92.98627836954739,17.94899373065246],[-92.98566296292361,17.94762962023061],[-92.98566339722262,17.94624915770852],[-92.98689519513528,17.94449242250948],[-92.9886090872338,17.94107328170228],[-92.98962134932457,17.93768511690326],[-92.98869856729215,17.93576058118356],[-92.98759971224561,17.93454713967461],[-92.98626512632869,17.93412367424111],[-92.98551805834855,17.93286850574932],[-92.98648608211121,17.92979315547458],[-92.98670674879632,17.92711593619682],[-92.98767432079434,17.92623763231721],[-92.98996045468171,17.92703291119731],[-92.99321335379402,17.93033833475075],[-92.99613334802241,17.93159405146971],[-92.99635270791829,17.93364381936537],[-92.99911230138181,17.93443915031579],[-93.00359743475072,17.93305948561821],[-93.00434545018925,17.93054967556253],[-93.00716041019666,17.9272869449708],[-93.00930494775238,17.92517240792256],[-93.01159136146971,17.92341584146321],[-93.01405337337864,17.9242109397113],[-93.01660343960314,17.92525704487101],[-93.0190217824271,17.9262613270342],[-93.02065614448671,17.9207069500987],[-93.01766028737805,17.91708212767809],[-93.01594843212636,17.91533075041259],[-93.01205363446084,17.91455656651521],[-93.01055561111846,17.91455638610413],[-93.00773079681805,17.91431161759025],[-93.00747476276187,17.9094330693053],[-93.00349430856082,17.90943234743833],[-93.00353637717133,17.91427885683504],[-93.0036644485936,17.91627442955805],[-93.0030651469729,17.91668157963236],[-93.00401187093007,17.91790235304343],[-93.00322057581468,17.91846684234694],[-93.00254792512587,17.91921954467251],[-93.00213236275744,17.92021694572598],[-93.0020730091832,17.92029221628847],[-93.00181568162427,17.9212896410306],[-93.00124189914024,17.92213645093022],[-92.99908592516944,17.92183494208045],[-92.99376434348414,17.92055409643873],[-92.99011015861511,17.91951816593706],[-92.99086232175618,17.91741652479531],[-92.99003930213182,17.91713403134473],[-92.98918889200122,17.9167197832357],[-92.9886747986087,17.91606094095656],[-92.98885320747978,17.91457781103506],[-92.98909080956514,17.91361802820094],[-92.99166253660263,17.91228624956501],[-92.9943607881045,17.91376825048313],[-92.996384831464,17.91357112790998],[-92.99597001168647,17.91204022861392],[-92.99565880637444,17.91129944502277],[-92.99430964885575,17.91065721943011],[-92.99446562007023,17.90952145908629],[-92.99451795150088,17.90779306115485],[-92.99384340191044,17.90739786023582],[-92.99233898064512,17.90522462657037],[-92.9913011825359,17.90477993190653],[-92.99031530651575,17.9042364611972],[-92.9901596578466,17.90408826494325],[-92.98886233070047,17.90384101966949],[-92.98730545743724,17.90384062050515],[-92.98673431440577,17.90497635742777],[-92.98512435484128,17.90951925917384],[-92.98517619936229,17.90971680375737],[-92.98538325597669,17.9116921392163],[-92.98429270486379,17.91425966572715],[-92.98408451916416,17.91633360275472],[-92.98180145109224,17.91470340752562],[-92.98034922687374,17.91139439601153],[-92.97962301759274,17.91001144413865],[-92.97765084944905,17.90976387335343],[-92.97645709271285,17.90976346187252],[-92.9762463091726,17.91972507836446],[-92.97577784416312,17.92357679797939],[-92.9757770508931,17.9257496648839],[-92.97564268911218,17.92705082641927],[-92.97438303975677,17.92768625315307],[-92.97438247198578,17.92937363361752],[-92.9734052106179,17.93091396493102],[-92.97278788099969,17.93213650639036],[-92.97224762095877,17.9334079954257],[-92.97118876697613,17.93434635246362],[-92.9704945866355,17.93481076029543],[-92.96997924143247,17.93811200063598],[-92.97067236878878,17.9406078219693],[-92.97229024761924,17.94489768552139],[-92.97252119017627,17.94605459896124],[-92.97059293889977,17.94686007346279],[-92.97104493153287,17.94775526242425],[-92.97531531432062,17.94629357443474],[-92.97614675354417,17.94875519477847],[-92.97857707987295,17.94906573731653],[-92.97817751470618,17.95374650922865],[-92.9776346848747,17.95383240932222],[-92.97685611582298,17.95550886250247],[-92.9764216319305,17.95623164738251],[-92.97551805514955,17.95672768139266],[-92.97835770126122,17.9587852165954]]]}},{"type":"Feature","properties":{"name":"AMPLIACION HEROES 1","description":"","distrito":"VILLAHERMOSA"},"geometry":{"type":"Polygon","coordinates":[[[-92.97673899999998,17.960997],[-92.977157,17.960158],[-92.97835800000001,17.958785],[-92.976529,17.957254],[-92.97596,17.956935],[-92.97555899999999,17.956653],[-92.970982,17.958269],[-92.97015600000002,17.956445],[-92.965434,17.95853],[-92.964689,17.956409],[-92.967212,17.955883],[-92.967159,17.955421],[-92.968192,17.955068],[-92.968227,17.954001],[-92.967777,17.95401],[-92.967406,17.953564],[-92.96639,17.953682],[-92.965816,17.953724],[-92.965266,17.95379],[-92.96508799999998,17.952318],[-92.965585,17.952159],[-92.965132,17.950443],[-92.96636400000001,17.949538],[-92.970195,17.946983],[-92.96869099999999,17.945039],[-92.966398,17.946919],[-92.964912,17.945301],[-92.963017,17.948064],[-92.964094,17.948807],[-92.964092,17.94958],[-92.96479100000002,17.953024],[-92.964572,17.955566],[-92.96357100000002,17.960372],[-92.963388,17.961355],[-92.963764,17.963482],[-92.964778,17.965353],[-92.965714,17.966463],[-92.969226,17.967786],[-92.97108100000001,17.968369],[-92.97266,17.968581],[-92.974099,17.968077],[-92.975063,17.967203],[-92.976356,17.965986],[-92.97670699999999,17.964614],[-92.976744,17.961747],[-92.97673899999998,17.960997]]]}},{"type":"Feature","properties":{"name":"AMPLIACION HEROES 1","description":"","distrito":"VILLAHERMOSA"},"geometry":{"type":"Polygon","coordinates":[[[-92.998419,17.948969],[-92.997968,17.948676],[-92.99784299999999,17.948834],[-92.99759,17.948688],[-92.997118,17.948651],[-92.997128,17.948904],[-92.99708799999999,17.949196],[-92.996873,17.949189],[-92.996704,17.949199],[-92.99655699999998,17.949208],[-92.996386,17.949237],[-92.99627099999998,17.949273],[-92.996143,17.949297],[-92.99599000000002,17.949367],[-92.995889,17.949423],[-92.995688,17.949543],[-92.99549999999999,17.949667],[-92.995421,17.949725],[-92.995291,17.949816],[-92.99516,17.949908],[-92.995015,17.950038],[-92.99482699999999,17.950175],[-92.994584,17.950412],[-92.994413,17.950594],[-92.994254,17.950767],[-92.994119,17.950923],[-92.99392,17.951178],[-92.993784,17.951374],[-92.993617,17.951617],[-92.99335,17.952028],[-92.99319499999999,17.952387],[-92.99263199999999,17.952317],[-92.992529,17.952485],[-92.993064,17.952575],[-92.992785,17.952882],[-92.99260099999998,17.952929],[-92.992345,17.953224],[-92.99245299999998,17.953258],[-92.992279,17.953447],[-92.99176799999998,17.953911],[-92.99132700000001,17.954328],[-92.991297,17.954351],[-92.99122299999999,17.954302],[-92.99088399999998,17.954136],[-92.990596,17.954474],[-92.99089900000001,17.954655],[-92.99075,17.954831],[-92.99050299999999,17.9551],[-92.989948,17.955824],[-92.989722,17.955692],[-92.98967,17.955868],[-92.989845,17.95599],[-92.989691,17.956244],[-92.989536,17.956142],[-92.989382,17.956352],[-92.989478,17.956463],[-92.98932699999999,17.956623],[-92.989589,17.956815],[-92.98974,17.956792],[-92.989741,17.956681],[-92.98957500000002,17.956655],[-92.989737,17.956386],[-92.99033900000002,17.956469],[-92.99033900000002,17.956748],[-92.99092,17.956831],[-92.99102800000001,17.956181],[-92.991403,17.956244],[-92.991655,17.956093],[-92.991686,17.95556],[-92.99082700000001,17.955447],[-92.99090200000002,17.955305],[-92.99066399999998,17.955124],[-92.991375,17.954412],[-92.991309,17.95437],[-92.99178300000001,17.953931],[-92.99245299999998,17.953283],[-92.99253199999998,17.953323],[-92.99275,17.95314],[-92.99301800000002,17.953224],[-92.99301800000002,17.953364],[-92.99360999999999,17.953511],[-92.993626,17.953335],[-92.99377700000001,17.953388],[-92.9938,17.953244],[-92.99389599999999,17.952995],[-92.994086,17.953018],[-92.994213,17.95239],[-92.99389900000001,17.952359],[-92.994123,17.95168],[-92.99381,17.951553],[-92.993628,17.952012],[-92.993425,17.952062],[-92.993637,17.95163],[-92.99381400000001,17.951385],[-92.993941,17.951197],[-92.99413799999999,17.950933],[-92.99427699999998,17.950781],[-92.99443,17.950613],[-92.99460400000001,17.950426],[-92.994844,17.950192],[-92.99503199999998,17.950054],[-92.99518,17.94993],[-92.995307,17.949835],[-92.995435,17.949741],[-92.99551600000001,17.949686],[-92.9957,17.949569],[-92.995914,17.949459],[-92.996011,17.949404],[-92.996163,17.949325],[-92.996281,17.949289],[-92.99640600000001,17.949258],[-92.99656300000001,17.949245],[-92.996724,17.94924],[-92.996879,17.949229],[-92.997081,17.949234],[-92.997127,17.949286],[-92.99714199999998,17.94936],[-92.997096,17.949665],[-92.99749999999999,17.949808],[-92.99770099999999,17.949325],[-92.998033,17.949335],[-92.998027,17.949606],[-92.99824,17.949665],[-92.998307,17.949522],[-92.99857599999999,17.949419],[-92.998452,17.949148],[-92.998419,17.948969]]]}},{"type":"Feature","properties":{"name":"AMPLIACION MANDARINA","description":"","distrito":"VILLAHERMOSA"},"geometry":{"type":"Polygon","coordinates":[[[-92.98410000000001,17.947153],[-92.982781,17.946077],[-92.982356,17.945773],[-92.982697,17.945481],[-92.982803,17.94538],[-92.98255600000002,17.945132],[-92.982293,17.945337],[-92.98203099999999,17.945079],[-92.98176699999999,17.945298],[-92.981605,17.945164],[-92.98152199999998,17.945234],[-92.98157199999999,17.94527],[-92.98142799999998,17.945342],[-92.981626,17.94549],[-92.981717,17.945402],[-92.982317,17.945907],[-92.98226700000001,17.945987],[-92.98251200000001,17.946221],[-92.982887,17.946531],[-92.98308,17.946546],[-92.984001,17.947277],[-92.98410000000001,17.947153]]]}},{"type":"Feature","properties":{"name":"HEROES_A","description":"","distrito":"VILLAHERMOSA"},"geometry":{"type":"Polygon","coordinates":[[[-93.028131,17.959801],[-93.027986,17.959748],[-93.028135,17.959519],[-93.028586,17.959745],[-93.028764,17.959847],[-93.028854,17.95966],[-93.02917699999999,17.959802],[-93.029069,17.959978],[-93.029214,17.960061],[-93.029421,17.959644],[-93.029531,17.959353],[-93.029166,17.959206],[-93.027666,17.958614],[-93.02798200000001,17.957781],[-93.028106,17.95743],[-93.027945,17.957352],[-93.02756399999998,17.957105],[-93.027509,17.957096],[-93.027612,17.956802],[-93.027425,17.956725],[-93.027329,17.956998],[-93.027261,17.957173],[-93.027093,17.957108],[-93.027006,17.957081],[-93.02709,17.956869],[-93.02687800000001,17.956738],[-93.026672,17.956586],[-93.02649499999998,17.956485],[-93.026328,17.956398],[-93.02624899999999,17.956538],[-93.026072,17.956416],[-93.026166,17.956265],[-93.026062,17.956205],[-93.025899,17.956455],[-93.026088,17.956573],[-93.025987,17.956742],[-93.026264,17.956887],[-93.026345,17.956733],[-93.026657,17.956923],[-93.02633100000001,17.95761],[-93.02471199999998,17.955522],[-93.02519600000001,17.95516],[-93.025471,17.954938],[-93.025716,17.95471],[-93.026088,17.954946],[-93.02635000000001,17.954756],[-93.026998,17.955624],[-93.02732800000001,17.955394],[-93.026605,17.954502],[-93.02650700000001,17.954343],[-93.026128,17.954026],[-93.02618900000002,17.953729],[-93.026083,17.952001],[-93.02637499999999,17.951487],[-93.026794,17.951108],[-93.02958600000001,17.9507],[-93.030401,17.950528],[-93.030921,17.950429],[-93.03116199999998,17.950391],[-93.031311,17.95037],[-93.031467,17.950377],[-93.031558,17.950391],[-93.03158299999998,17.950722],[-93.031362,17.950763],[-93.031385,17.952243],[-93.031848,17.952261],[-93.031813,17.950547],[-93.031813,17.950536],[-93.03316,17.950753],[-93.033537,17.954233],[-93.03324599999999,17.956511],[-93.033168,17.956787],[-93.03272400000002,17.95737],[-93.03251000000002,17.958281],[-93.03159199999999,17.958423],[-93.031681,17.959261],[-93.03350099999999,17.95912],[-93.033541,17.958321],[-93.03269599999999,17.958265],[-93.032974,17.957534],[-93.033297,17.957009],[-93.03352000000001,17.956513],[-93.033717,17.955777],[-93.03366499999998,17.954694],[-93.033764,17.954262],[-93.03383,17.953746],[-93.033833,17.952968],[-93.033788,17.952665],[-93.03378,17.952225],[-93.03364200000001,17.952228],[-93.03356699999999,17.951519],[-93.033758,17.951498],[-93.03373000000002,17.951273],[-93.03359499999999,17.95131],[-93.033578,17.951237],[-93.033776,17.95119],[-93.033741,17.951037],[-93.03382,17.951019],[-93.033861,17.951075],[-93.034011,17.951047],[-93.034006,17.951205],[-93.033854,17.951226],[-93.034012,17.952631],[-93.034365,17.952536],[-93.03441000000001,17.952644],[-93.035009,17.952372],[-93.034981,17.952239],[-93.035081,17.95217],[-93.035046,17.952115],[-93.03515200000001,17.952066],[-93.035317,17.952426],[-93.036254,17.952028],[-93.035361,17.950187],[-93.034728,17.94895],[-93.034836,17.948845],[-93.03474600000001,17.948781],[-93.035172,17.948394],[-93.035314,17.948456],[-93.035538,17.948271],[-93.035408,17.948199],[-93.035591,17.948033],[-93.035664,17.947924],[-93.035705,17.947817],[-93.035727,17.94773],[-93.03566799999999,17.947584],[-93.035801,17.947487],[-93.035681,17.947312],[-93.035137,17.94685],[-93.035019,17.94673],[-93.034936,17.946779],[-93.03488199999998,17.946645],[-93.03486600000001,17.946526],[-93.03456,17.946731],[-93.03463,17.946874],[-93.03477799999999,17.94697],[-93.03521,17.947443],[-93.035365,17.947763],[-93.035348,17.947864],[-93.03514899999999,17.948095],[-93.034867,17.948311],[-93.034574,17.948557],[-93.033484,17.947963],[-93.033229,17.948315],[-93.033531,17.948473],[-93.033695,17.948296],[-93.034373,17.948647],[-93.034233,17.948856],[-93.033527,17.950031],[-93.03344,17.950333],[-93.033285,17.95043],[-93.033066,17.95042],[-93.031563,17.949981],[-93.03089700000001,17.95004],[-93.030318,17.948533],[-93.029856,17.948542],[-93.030434,17.950127],[-93.029999,17.950229],[-93.029537,17.948603],[-93.029339,17.948626],[-93.029282,17.948639],[-93.029134,17.948666],[-93.029512,17.949939],[-93.029264,17.949999],[-93.029203,17.949719],[-93.029042,17.949736],[-93.028944,17.949379],[-93.02887,17.949178],[-93.02876800000001,17.948717],[-93.028587,17.948751],[-93.02858,17.948747],[-93.02805,17.948836],[-93.027858,17.94796],[-93.027669,17.948017],[-93.02740900000002,17.948087],[-93.0275,17.948542],[-93.02731,17.948568],[-93.027233,17.948587],[-93.027288,17.948781],[-93.02671100000002,17.948935],[-93.027138,17.950724],[-93.026511,17.951017],[-93.02639000000002,17.950846],[-93.026088,17.951087],[-93.025622,17.951782],[-93.025593,17.951966],[-93.025859,17.952078],[-93.02585300000001,17.952769],[-93.025979,17.95347],[-93.024434,17.952495],[-93.024203,17.952867],[-93.023893,17.952669],[-93.023578,17.952947],[-93.023279,17.952683],[-93.023156,17.952675],[-93.02290300000001,17.952841],[-93.022943,17.952964],[-93.022907,17.952992],[-93.022955,17.953232],[-93.022778,17.953251],[-93.02267699999999,17.953255],[-93.02266399999999,17.953407],[-93.02248800000001,17.953419],[-93.02249,17.953583],[-93.02215499999998,17.953623],[-93.022122,17.953472],[-93.02204799999998,17.953484],[-93.02198499999999,17.953484],[-93.02196900000001,17.95342],[-93.021889,17.953442],[-93.021735,17.953437],[-93.021723,17.953341],[-93.02143799999999,17.953362],[-93.02151999999998,17.953624],[-93.020968,17.953899],[-93.020825,17.953752],[-93.02024300000001,17.954066],[-93.01999099999999,17.953737],[-93.019933,17.953199],[-93.019788,17.952865],[-93.019842,17.952743],[-93.01967699999999,17.952495],[-93.01958,17.952575],[-93.019503,17.95246],[-93.019429,17.952431],[-93.019481,17.952372],[-93.01937799999999,17.952226],[-93.019308,17.952278],[-93.019269,17.952391],[-93.018245,17.952435],[-93.01821,17.952256],[-93.01774599999999,17.952297],[-93.017531,17.951389],[-93.01700399999999,17.951433],[-93.017071,17.952495],[-93.017648,17.952489],[-93.01787400000002,17.952471],[-93.017779,17.952725],[-93.01792499999999,17.952746],[-93.01803800000002,17.952759],[-93.018058,17.952694],[-93.018175,17.952729],[-93.018232,17.952575],[-93.018621,17.952504],[-93.018696,17.952504],[-93.018567,17.952754],[-93.01872,17.952802],[-93.018839,17.952465],[-93.019326,17.952483],[-93.018989,17.952819],[-93.01907600000001,17.9529],[-93.019421,17.952525],[-93.01947,17.952537],[-93.019531,17.952636],[-93.019392,17.952731],[-93.01948800000001,17.952842],[-93.019287,17.953042],[-93.019396,17.953197],[-93.019723,17.952934],[-93.01985900000001,17.953262],[-93.019877,17.953439],[-93.019861,17.953602],[-93.019883,17.953737],[-93.019964,17.953846],[-93.020112,17.954051],[-93.02130899999999,17.955569],[-93.021512,17.955361],[-93.02108199999999,17.954838],[-93.02152899999999,17.954645],[-93.021703,17.954542],[-93.021694,17.954346],[-93.020951,17.954663],[-93.02084399999998,17.954483],[-93.02106699999999,17.954337],[-93.02098,17.954259],[-93.020761,17.95429],[-93.020649,17.954093],[-93.020914,17.953944],[-93.02097200000001,17.954054],[-93.021083,17.954027],[-93.02103,17.953905],[-93.021443,17.953716],[-93.02152899999999,17.953948],[-93.02164899999998,17.953917],[-93.022905,17.953803],[-93.02293,17.953944],[-93.02259500000001,17.954003],[-93.02259500000001,17.954109],[-93.022736,17.954133],[-93.02273999999998,17.954251],[-93.02259500000001,17.954255],[-93.022571,17.95438],[-93.022451,17.954388],[-93.02235599999999,17.954396],[-93.02248499999999,17.955076],[-93.022156,17.955058],[-93.022144,17.954902],[-93.021933,17.954992],[-93.021977,17.955151],[-93.022165,17.955113],[-93.022182,17.955195],[-93.022651,17.956308],[-93.02439,17.958205],[-93.024454,17.958549],[-93.02529000000001,17.958863],[-93.02545600000002,17.958551],[-93.02529900000002,17.958371],[-93.025449,17.958122],[-93.025593,17.957844],[-93.026125,17.958584],[-93.026278,17.958708],[-93.026225,17.958863],[-93.02605100000001,17.958731],[-93.025723,17.959057],[-93.025487,17.959508],[-93.02717700000001,17.960309],[-93.027219,17.960175],[-93.027351,17.960233],[-93.02745699999998,17.960012],[-93.027921,17.960217],[-93.028131,17.959801]]]}},{"type":"Feature","properties":{"name":"PENSIONES","description":"","distrito":"VILLAHERMOSA"},"geometry":{"type":"Polygon","coordinates":[[[-92.958591,18.002384],[-92.95898699999998,18.002082],[-92.959309,18.001811],[-92.959441,18.00166],[-92.95952100000001,18.00153],[-92.959535,18.001515],[-92.959598,18.001228],[-92.959663,18.000903],[-92.95968100000002,18.000559],[-92.959595,18.000197],[-92.95946700000002,17.999867],[-92.95922900000001,17.999386],[-92.958445,17.998379],[-92.957846,17.997495],[-92.95744899999998,17.996793],[-92.95710200000002,17.996252],[-92.956762,17.995863],[-92.956536,17.995678],[-92.95636400000001,17.995507],[-92.95625399999999,17.995335],[-92.956145,17.994942],[-92.95607400000002,17.994578],[-92.95607400000002,17.994557],[-92.95607400000002,17.994521],[-92.956028,17.99423],[-92.95604300000001,17.99399],[-92.956192,17.993581],[-92.95631699999998,17.993275],[-92.956592,17.992831],[-92.95694500000002,17.992605],[-92.95731600000002,17.992411],[-92.957786,17.992299],[-92.95814999999999,17.992187],[-92.958594,17.992084],[-92.95931000000002,17.992038],[-92.960032,17.9921],[-92.960381,17.992118],[-92.960902,17.992145],[-92.961162,17.992159],[-92.96130699999999,17.99215],[-92.961458,17.992562],[-92.963325,17.99327],[-92.966124,17.994868],[-92.967903,17.994619],[-92.96849300000001,17.99443],[-92.968885,17.99426],[-92.96942399999999,17.993752],[-92.969815,17.993009],[-92.970079,17.991161],[-92.97008,17.990502],[-92.969945,17.990178],[-92.969928,17.990146],[-92.96979499999999,17.989906],[-92.969794,17.989868],[-92.96977600000001,17.989807],[-92.969714,17.989439],[-92.96971300000001,17.989403],[-92.969712,17.989375],[-92.969699,17.988786],[-92.969854470212,17.9881944205391],[-92.96985712281673,17.98819473333237],[-92.970358,17.986338],[-92.97129799999999,17.984292],[-92.97190199999999,17.982868],[-92.97255600000001,17.981664],[-92.973275,17.980923],[-92.974331,17.980476],[-92.97354000000001,17.979433],[-92.97228199999999,17.980898],[-92.968231,17.978587],[-92.967378,17.979517],[-92.966898,17.979504],[-92.966614,17.980383],[-92.968975,17.981646],[-92.96824,17.983067],[-92.968448,17.984386],[-92.96649299999999,17.983588],[-92.966375,17.983886],[-92.96547699999999,17.983627],[-92.965467,17.98331],[-92.96560900000001,17.983237],[-92.96573800000002,17.983067],[-92.965777,17.982993],[-92.965796,17.982875],[-92.965797,17.982867],[-92.96579,17.982772],[-92.965789,17.982761],[-92.965789,17.982756],[-92.965768,17.982673],[-92.96576600000002,17.982667],[-92.965709,17.982597],[-92.965566,17.982484],[-92.964532,17.982419],[-92.964432,17.982579],[-92.963813,17.982573],[-92.96364,17.982739],[-92.963541,17.983107],[-92.963525,17.983918],[-92.963447,17.983903],[-92.96317200000001,17.983994],[-92.96316599999999,17.984103],[-92.964417,17.984227],[-92.964517,17.984404],[-92.96468400000002,17.985096],[-92.965026,17.98753],[-92.96498700000001,17.98783],[-92.96244,17.987566],[-92.96023,17.987394],[-92.95940400000002,17.987294],[-92.960003,17.986155],[-92.958842,17.985985],[-92.959007,17.98567],[-92.95743300000001,17.985388],[-92.957872,17.984273],[-92.95808699999999,17.984284],[-92.95822800000002,17.984129],[-92.959017,17.984218],[-92.959337,17.983467],[-92.95944599999999,17.98296],[-92.961501,17.983004],[-92.961838,17.98192],[-92.960378,17.981776],[-92.956583,17.981417],[-92.952314,17.981051],[-92.95211,17.981011],[-92.951828,17.980827],[-92.95142900000002,17.980341],[-92.950749,17.979514],[-92.951166,17.979059],[-92.952284,17.977024],[-92.95330100000001,17.975796],[-92.94771,17.975549],[-92.948699,17.967937],[-92.947243,17.968785],[-92.929991,17.966767],[-92.928835,17.966764],[-92.927373,17.967913],[-92.924547,17.971158],[-92.923519,17.973074],[-92.92313900000002,17.9738],[-92.922705,17.974604],[-92.92177100000002,17.976628],[-92.922437,17.977357],[-92.922836,17.978157],[-92.922914,17.979149],[-92.922732,17.980582],[-92.92226,17.982062],[-92.921535,17.983444],[-92.92106,17.983977],[-92.940519,17.997119],[-92.945229,17.992306],[-92.949393,17.995409],[-92.950929,17.996536],[-92.955294,17.999378],[-92.958591,18.002384]]]}},{"type":"Feature","properties":{"name":"AMPLIACION PENSIONES","description":"","distrito":"VILLAHERMOSA"},"geometry":{"type":"Polygon","coordinates":[[[-92.9741406,17.9862859],[-92.974145,17.986287],[-92.97431700000001,17.985423],[-92.974343,17.985371],[-92.97367599999998,17.984864],[-92.974432,17.983788],[-92.97333599999999,17.982718],[-92.973192,17.982853],[-92.973139,17.98312],[-92.973203,17.983345],[-92.974072,17.984042],[-92.973537,17.984804],[-92.973201,17.986368],[-92.971606,17.9861],[-92.971313,17.986927],[-92.97302100000002,17.987072],[-92.972696,17.988279],[-92.972692,17.988297],[-92.972687,17.988311],[-92.972681,17.988329],[-92.972674,17.988349],[-92.972667,17.98837],[-92.972662,17.988391],[-92.972656,17.988412],[-92.972651,17.988428],[-92.972642,17.988443],[-92.97263499999998,17.988459],[-92.972611,17.988476],[-92.972844,17.98857],[-92.972868,17.988406],[-92.972832,17.988392],[-92.972835,17.988377],[-92.97283599999999,17.98836],[-92.972838,17.988347],[-92.97284200000001,17.988327],[-92.97284499999999,17.988309],[-92.97284899999998,17.988285],[-92.972852,17.988268],[-92.972857,17.988242],[-92.97286400000002,17.98821],[-92.972868,17.988174],[-92.97287099999998,17.988148],[-92.97287999999999,17.988093],[-92.972891,17.988034],[-92.973111,17.988047],[-92.973256,17.988093],[-92.97352100000002,17.988095],[-92.973618,17.988085],[-92.974139,17.986312],[-92.9741406,17.9862859]],[[-92.974142,17.986263],[-92.973362,17.986083],[-92.9741406,17.9862859],[-92.974142,17.986263]]]}},{"type":"Feature","properties":{"name":"AMPLIACION HEROES 3","description":"","distrito":"VILLAHERMOSA"},"geometry":{"type":"Polygon","coordinates":[[[-92.97653798940988,17.988938740109],[-92.9763887233499,17.99032974184417],[-92.97871506186172,17.99269295719084],[-92.98084333612307,17.9923649962339],[-92.98407321957157,17.99957632930415],[-92.98654650832471,17.99941954715063],[-93.01749575622907,17.99942016027376],[-93.01594880244681,17.99357954217096],[-93.01575035787621,17.98916768149936],[-93.01810292697661,17.98877218954971],[-93.02140841914783,17.98458865921311],[-93.01893525704847,17.98353166589533],[-93.0249874341882,17.98261832470706],[-93.02598953459263,17.9858343953766],[-93.02908607734265,17.98560100955934],[-93.03002810548759,17.9829472445232],[-93.0375982132722,17.98234072556705],[-93.03776831803431,17.98554630088721],[-93.04143092312046,17.98510508064598],[-93.04128072244913,17.98210577345487],[-93.04370507674967,17.98175204426695],[-93.0441306578701,17.98479385903251],[-93.04655063592976,17.98464528280633],[-93.04629110347447,17.98371790882895],[-93.05502610485294,17.98322494671598],[-93.05576925665332,17.98141226855789],[-93.065633443883,17.98026861442302],[-93.06623338313855,17.97883043793397],[-93.0700611549785,17.97848448622264],[-93.0711579097002,17.98167549223666],[-93.07546439105127,17.98287764920068],[-93.07622766806189,17.98168189015534],[-93.0830542161107,17.98265165820331],[-93.08214613734259,17.98472275442944],[-93.08559979210612,17.98654324715556],[-93.08487690143986,17.98797564615381],[-93.08542165613987,17.99052429357867],[-93.08777982676993,17.98966821909991],[-93.08969809638705,17.99014062305303],[-93.08993778624361,17.9873359314285],[-93.09121027207073,17.9768977181946],[-93.09362933512955,17.97704854498001],[-93.09598413626676,17.97697983926074],[-93.09868139596313,17.97689122464237],[-93.10068801283786,17.97654575423384],[-93.10056531281039,17.96265559413742],[-93.0988851460297,17.9615176034925],[-93.09797087564253,17.96028954705304],[-93.09656835233082,17.95734599980932],[-93.09478670271226,17.95484990530644],[-93.09162996672853,17.95313474185255],[-93.08918228630628,17.95263755292076],[-93.0877269807496,17.95239926710394],[-93.08612747845724,17.95067327917905],[-93.0848053226586,17.94790264368757],[-93.08273792888585,17.94661978839618],[-93.0826957832101,17.94657547560003],[-93.08071939786981,17.94610082313234],[-93.07870313075561,17.94638585070133],[-93.07751648219521,17.94865655795672],[-93.07778713241126,17.9511233593437],[-93.0786633495241,17.95391502564494],[-93.08008083324657,17.95656314181075],[-93.08078362787974,17.95904774613746],[-93.08035429842691,17.96031558188806],[-93.07926884901099,17.96118415312187],[-93.07738861885926,17.96191645886469],[-93.07593274621449,17.96246841941015],[-93.07380027771498,17.96301118190496],[-93.07365313024876,17.96305019446008],[-93.07218890037213,17.96376270031497],[-93.0712382576106,17.96479295431552],[-93.06937821463126,17.96659090916193],[-93.06754481627839,17.96742386039588],[-93.06555276434591,17.96811515598641],[-93.06177733875367,17.96862563013051],[-93.06005813483488,17.96930233334037],[-93.05883730870794,17.97044045991528],[-93.057816714879,17.97191012887761],[-93.05677801664714,17.97372395188335],[-93.05591670843312,17.97522543649131],[-93.0551373441554,17.97624649822061],[-93.053770532709,17.9774005740469],[-93.05207929412715,17.97828611891939],[-93.05043766638825,17.97859898407454],[-93.04893105014243,17.97827408173331],[-93.04876580079106,17.97819718782738],[-93.04717604854528,17.97761527755175],[-93.04621605298291,17.97655732635464],[-93.04553716955357,17.97521374210436],[-93.04498368629157,17.97424419523499],[-93.04492825440576,17.973919500081],[-93.04363543569377,17.97275364890258],[-93.04193238124661,17.9724883572878],[-93.0397382200407,17.973280783274],[-93.0383206375342,17.97493839845973],[-93.03668937258283,17.97617886913756],[-93.03446921729906,17.97687170607824],[-93.0305161634617,17.97735352811746],[-93.02933291945142,17.97725432115414],[-93.02749105106781,17.97688901709224],[-93.02612229725209,17.9764823374447],[-93.02507130187212,17.97557896462017],[-93.02467078837606,17.97481532061058],[-93.02415543376361,17.97395882891522],[-93.02365268610302,17.97201519087165],[-93.02365718220342,17.97193009150558],[-93.02350771100272,17.97051526443227],[-93.0235110835034,17.97045144042918],[-93.02348570019457,17.96923450767203],[-93.02349244584245,17.96910685965235],[-93.0234980672629,17.96900048621923],[-93.02354753755985,17.96806439776199],[-93.02355315939033,17.96795802378724],[-93.02355878127479,17.96785164952792],[-93.02356327880989,17.9677665501293],[-93.02349517980025,17.96735805053817],[-93.0234840582991,17.9671442320013],[-93.0234863071893,17.96710168203072],[-93.02302962170988,17.96615351739425],[-93.02221271101715,17.96512802951285],[-93.02108863903047,17.96402867483635],[-93.01936143892934,17.96335422261134],[-93.0192176707344,17.96332761784641],[-93.01653803425555,17.96367287376567],[-93.01557703665449,17.96380445071361],[-93.01400988155054,17.96402537957988],[-93.0138205756949,17.9640755038998],[-93.0114331245385,17.96451360695496],[-93.00887144358931,17.96470820718648],[-93.00783788655265,17.96457080646892],[-93.00629761205661,17.96467460977176],[-93.00401368393378,17.9647230365098],[-93.00054169517564,17.96564270663524],[-92.99917695965576,17.96634676894591],[-92.9982507018285,17.9673874672686],[-92.99761930048588,17.96834362918706],[-92.99744347488075,17.96896464791437],[-92.99744102253224,17.96979317224761],[-92.9968133867761,17.97145979550423],[-92.99567882192169,17.97329934768791],[-92.99384444819653,17.97444840161255],[-92.99322860418442,17.97510939866766],[-92.9912149455168,17.97631492756145],[-92.9896017263571,17.9774015077526],[-92.98795533686702,17.97906132280385],[-92.98517660782004,17.98139408662098],[-92.98409652802688,17.98210828751621],[-92.98261793127602,17.98260947219728],[-92.98148210140835,17.98251548782822],[-92.98021586140929,17.98231650732389],[-92.97872849125888,17.98181105624096],[-92.97868920255281,17.98176971147304],[-92.97643010421376,17.98134554543524],[-92.97464772002232,17.98131909093768],[-92.97388096775661,17.98169654892923],[-92.97287304631561,17.98231887986361],[-92.9725303028483,17.98291399288411],[-92.9721768792782,17.98410044373454],[-92.9712879857629,17.98638566360481],[-92.97064359673709,17.98797242898517],[-92.97653798940988,17.988938740109]]]}},{"type":"Feature","properties":{"name":"OCUILT","description":"","distrito":"VILLAHERMOSA"},"geometry":{"type":"MultiPolygon","coordinates":[[[[-92.85776700594437,18.10134328231958],[-92.85198529,18.10147135],[-92.85239017,18.10717425],[-92.85638191,18.10706645],[-92.8611538535726,18.1077390657841],[-92.86128648602784,18.10771205162649],[-92.86131325867122,18.10767984988718],[-92.86425307975306,18.10873797167563],[-92.86370659,18.11347165],[-92.86341468999998,18.114317],[-92.86337862,18.11429996],[-92.86226127,18.1139943],[-92.85945611,18.11886771],[-92.85879620000001,18.1187925],[-92.85747069000001,18.11864226],[-92.85740878,18.11899602],[-92.85732153,18.11936317],[-92.85716483,18.1202579],[-92.85714115,18.12061127],[-92.85661606,18.12054741],[-92.85501051000001,18.12029124],[-92.85501005,18.12084034],[-92.85500012000001,18.12126578],[-92.85498881,18.12223147],[-92.85443844,18.12223375],[-92.85381259000002,18.12223379],[-92.85383435,18.12302631],[-92.85373172642008,18.12411862607098],[-92.85362794000001,18.12498018],[-92.85363832219505,18.12561161396923],[-92.85407124,18.12652158],[-92.85483427,18.12771083],[-92.85551743,18.12880194],[-92.85596066,18.12949459],[-92.85664797,18.13058486],[-92.85754911000001,18.13201754],[-92.85802151,18.13274785],[-92.85701731,18.13276622],[-92.85554855416301,18.13259602893462],[-92.85522449796431,18.13534105123107],[-92.85446506,18.14140637],[-92.85466286,18.14157451],[-92.85504724,18.14206727],[-92.85538641,18.14247198],[-92.85527967,18.14248903],[-92.85366815881933,18.1423025666498],[-92.85393600238243,18.14394329068358],[-92.85404908,18.14481439],[-92.85416395000001,18.14531435],[-92.85414717,18.14626805],[-92.85413030000001,18.14722175],[-92.85411354,18.14817536],[-92.85411692999999,18.14884697],[-92.85429625,18.14993763],[-92.85430377,18.14997697],[-92.85415103,18.15013042],[-92.85401211,18.15023596],[-92.85396412,18.15033717],[-92.85397199000002,18.15044786],[-92.85413448000001,18.15102695],[-92.85420530000002,18.15102548],[-92.85434688,18.15146345],[-92.85457408999999,18.15208411],[-92.85461467000002,18.1521948],[-92.85459193000001,18.15260199],[-92.85451381,18.15292994],[-92.85439949,18.15307015],[-92.85414046,18.1533246],[-92.85392047,18.15363183],[-92.85384901,18.15394242],[-92.85383905,18.15402338],[-92.85376542999998,18.15462169],[-92.85351671999999,18.15513318],[-92.85352187,18.15532573],[-92.85362294,18.15554417],[-92.85365995999999,18.15561014],[-92.85408702,18.15637008],[-92.85422384999998,18.15683105],[-92.85428566999998,18.15749374],[-92.85434935,18.15832167],[-92.85428102,18.15906215],[-92.85418758999998,18.15971146],[-92.85405441,18.15998792],[-92.85509176,18.1601107],[-92.8561292,18.16023357],[-92.85785224999998,18.16052044],[-92.85897127000001,18.16067528],[-92.8600903,18.16083019],[-92.86029431,18.16086303],[-92.86166578,18.16108382],[-92.86300659999999,18.16090158],[-92.86287385999998,18.15988581],[-92.86272846,18.1593867],[-92.86269926000001,18.15912662],[-92.86272352,18.15870493],[-92.86278056,18.15718521],[-92.86278769,18.15711387],[-92.86284474,18.15648355],[-92.86297742,18.15508627],[-92.86310956,18.15369423],[-92.86317901,18.15302706],[-92.86325244999999,18.15241804],[-92.86422058000001,18.1512132],[-92.86454949,18.15025905],[-92.8648784,18.1493049],[-92.86520732,18.14835065],[-92.86553621999998,18.1473965],[-92.86586512,18.14644226],[-92.86619401,18.14548811],[-92.86754756,18.1434667],[-92.87131548,18.14517697],[-92.87454323999998,18.14582011],[-92.87473536,18.14447264],[-92.87140721,18.14276143],[-92.87174659,18.14164591],[-92.87074382000002,18.1413136],[-92.87080395,18.14114418],[-92.87103572,18.1405228],[-92.8710688,18.14041479],[-92.87126767,18.13976512],[-92.87158653615792,18.13868365519496],[-92.87186369158536,18.13774350989031],[-92.87237232,18.13787063],[-92.87243913000002,18.13776993],[-92.87246591000002,18.1376668],[-92.87248374,18.13759837],[-92.87251643000002,18.13749768],[-92.87260804,18.13735191],[-92.87269299000002,18.13716966],[-92.87179305999999,18.13692903],[-92.87109527,18.13675727],[-92.87050740999999,18.13658758],[-92.87035737,18.13654318],[-92.8705853,18.13508216],[-92.87231859999999,18.13529753],[-92.87266419,18.13534333],[-92.87278822597958,18.13445486573406],[-92.87307484183351,18.13267638516976],[-92.8696925988205,18.13222816155338],[-92.86964163741172,18.13450864262162],[-92.86576154198602,18.13418781120354],[-92.8656912842468,18.13037343817865],[-92.8672102328239,18.13054855537419],[-92.86858770796498,18.13068327340154],[-92.86874402999999,18.12911106],[-92.86879703,18.12873836],[-92.86887749,18.12835057],[-92.86886507,18.12719193],[-92.86885257,18.12603329],[-92.87043548,18.12609995],[-92.87045938,18.12576273],[-92.87045417,18.12538884],[-92.8704552376985,18.12417157641633],[-92.86906153000001,18.12342803],[-92.86786662,18.12340086],[-92.8666717,18.12337368],[-92.86547679,18.12334649],[-92.86542950999998,18.12334905],[-92.86542687999999,18.12189502],[-92.86542689999999,18.12163039],[-92.86540135,18.12081417],[-92.86529429999999,18.12081212],[-92.86543573999998,18.11800787],[-92.86551824,18.11798018],[-92.86564877,18.11788755],[-92.86578931000001,18.11787645],[-92.86678101,18.11794852],[-92.86777271,18.11802059],[-92.86876442,18.11809265],[-92.86975612,18.1181647],[-92.8699847,18.11818353],[-92.86999085,18.11813542],[-92.87018257999999,18.11664268],[-92.87030601,18.11568973],[-92.87042943,18.11473678],[-92.87089296,18.11475271],[-92.87089893999999,18.11451663],[-92.87090044,18.11445573],[-92.87091108,18.11424349],[-92.87093411,18.11390658],[-92.87096242,18.11349595],[-92.87097027,18.1134223],[-92.87092724,18.11314517],[-92.87086399,18.11274744],[-92.87080906,18.11236446],[-92.87069524999998,18.11154523],[-92.87068924,18.11138944],[-92.87067935000002,18.11123495],[-92.87067699000002,18.11119783],[-92.87079385,18.11113662],[-92.87082178999998,18.11086681],[-92.87088295,18.11049951],[-92.87096102999999,18.11005612],[-92.87102228999998,18.10973559],[-92.87110830000002,18.10939926],[-92.87114699,18.10915864],[-92.87004869,18.10901621],[-92.86910679000002,18.1089074],[-92.8681649,18.1087985],[-92.86722292,18.10868959],[-92.86628104,18.10858068],[-92.86533914999998,18.10847177],[-92.86524257999999,18.10290576],[-92.86422687000001,18.10365196],[-92.85796553,18.10376482],[-92.85776700594437,18.10134328231958]]]]}},{"type":"Feature","properties":{"name":"AMPLIACION LAGUNA 13_3_A","description":"","distrito":"VILLAHERMOSA"},"geometry":{"type":"Polygon","coordinates":[[[-92.90295435771101,18.06160412319372],[-92.90257989662268,18.06153518598732],[-92.90240540094769,18.06199131690973],[-92.9022367217307,18.06248334343402],[-92.90214914040483,18.06287289842481],[-92.90204889470883,18.06325204627556],[-92.90194187194083,18.06356035779023],[-92.90172635471178,18.06375391771337],[-92.90144278569782,18.06396287690736],[-92.90106468543745,18.06406121945134],[-92.90031975658962,18.06403354541422],[-92.89940611675334,18.06404710611123],[-92.89910251743369,18.06420450830531],[-92.89866969514206,18.06451920607052],[-92.89830723121791,18.06492561193605],[-92.89794184553841,18.06559998509208],[-92.89760877383361,18.06623382835575],[-92.89725495795388,18.06698710359836],[-92.89679973801483,18.06765432882809],[-92.89655288855442,18.06842738422681],[-92.89651019281769,18.06894582514745],[-92.89663009845331,18.06974674666231],[-92.89673452120078,18.0703394478426],[-92.89698477719026,18.07114345178115],[-92.89726235638643,18.07173453818166],[-92.89749588727625,18.07228321139648],[-92.89765198548635,18.07276498953354],[-92.89908950254184,18.07271118281652],[-92.89873302602766,18.06936104843783],[-92.89919585158049,18.06825137288752],[-92.90004216710844,18.06829472908148],[-92.90015127929547,18.06775974061303],[-92.90005287409949,18.06769393743166],[-92.90023566538933,18.06688627212446],[-92.9005426271138,18.06687604614971],[-92.9006257184217,18.06635903718704],[-92.90427570318296,18.06678283564517],[-92.90428275057936,18.06557563993996],[-92.90539141825458,18.06576743475616],[-92.90544649671351,18.06521265133168],[-92.90352520835799,18.06500297391278],[-92.90384869729577,18.06422889264212],[-92.90348133944931,18.06421769908125],[-92.90367452756628,18.06393686972435],[-92.9038065871491,18.06274523953233],[-92.90391210966773,18.06269217381852],[-92.90397886139581,18.0624343012882],[-92.90335834230274,18.06246140104068],[-92.90295435771101,18.06160412319372]]]}},{"type":"Feature","properties":{"name":"OCUILT_A","description":"","distrito":"VILLAHERMOSA"},"geometry":{"type":"Polygon","coordinates":[[[-92.81351413734394,18.18472591504071],[-92.8134166066569,18.1844823113033],[-92.814240878556,18.18285241245931],[-92.81400719658247,18.18244587265642],[-92.81400836715774,18.18120305727707],[-92.8143102383786,18.18112196143056],[-92.81424053654636,18.17974326377865],[-92.81396571232413,18.17965020769809],[-92.81389252712272,18.17851725438033],[-92.81406807351946,18.17624255917802],[-92.81359867121844,18.17396017368753],[-92.81346006956818,18.17386882020319],[-92.81319591360337,18.17381517638341],[-92.81313894458246,18.17401197761453],[-92.81295237825582,18.17431507237711],[-92.81252198048605,18.17408407764501],[-92.81199362982196,18.18459733175945],[-92.81351413734394,18.18472591504071]]]}},{"type":"Feature","properties":{"name":"OCUILT_2_A","description":"","distrito":"VILLAHERMOSA"},"geometry":{"type":"Polygon","coordinates":[[[-92.78773084947389,18.1623592075526],[-92.7881043133745,18.15999686367855],[-92.78825730589831,18.15879940032953],[-92.78803330369236,18.15872055729614],[-92.78820946839093,18.15771417932513],[-92.78832476344489,18.15600976365916],[-92.78784062787331,18.1559078172121],[-92.78800587436409,18.15485236198519],[-92.78574029557805,18.15324380365123],[-92.78577886330955,18.15298024926758],[-92.78193491614802,18.15026617763481],[-92.78183151705939,18.15053285230969],[-92.7808557177888,18.15038337450789],[-92.78134807134748,18.15129609797465],[-92.78108381140665,18.1518479954253],[-92.78043943244798,18.15631582307047],[-92.78018835503327,18.15604922604273],[-92.77985118581694,18.15874485134749],[-92.77967990536615,18.15974780996689],[-92.77928867360994,18.15966824173831],[-92.77911460457061,18.16120019782141],[-92.77987996625514,18.16125770033948],[-92.77926574616437,18.1649686422727],[-92.78096510055789,18.16563558208785],[-92.78099962556738,18.1664363269771],[-92.78239771468506,18.1667113115867],[-92.78284799404368,18.16539323729568],[-92.78403310799922,18.16558555680126],[-92.78396819119098,18.1659521059406],[-92.78536381526663,18.16600747043134],[-92.78546825774744,18.16506326602664],[-92.78622897011212,18.16524332052909],[-92.78749620864507,18.16475954832766],[-92.7880495521265,18.16480860135889],[-92.78827095749924,18.16323086900112],[-92.78762066226594,18.16311469003857],[-92.78773084947389,18.1623592075526]]]}},{"type":"Feature","properties":{"name":"OCUILT_3_A","description":"","distrito":"VILLAHERMOSA"},"geometry":{"type":"Polygon","coordinates":[[[-92.86541055630104,18.10353286393325],[-92.86685788427826,18.10363506280514],[-92.86719239904835,18.10161801403531],[-92.86553387079172,18.1013708254321],[-92.86553491939816,18.09866685145415],[-92.86752538798933,18.09900035063425],[-92.8676416327597,18.09803029007946],[-92.86582650814368,18.09792823404096],[-92.8657950577492,18.09707890922379],[-92.86652638780107,18.09711556950093],[-92.86658161713548,18.09623958506199],[-92.87177404438494,18.09680020014148],[-92.87211262157194,18.09520825512807],[-92.86851202404793,18.09453743569579],[-92.8686111343062,18.09342619957931],[-92.86756664487756,18.09338647342491],[-92.86742108298083,18.09422172555958],[-92.86607697177038,18.09553630882968],[-92.86536490959519,18.09552044311504],[-92.86541055630104,18.10353286393325]]]}},{"type":"Feature","properties":{"name":"OCUILT_4_A","description":"","distrito":"VILLAHERMOSA"},"geometry":{"type":"Polygon","coordinates":[[[-92.85275144412691,18.12279951864844],[-92.8509070134354,18.12247223528098],[-92.85053691552591,18.12240272722907],[-92.85052618943261,18.12212498095691],[-92.85065089387884,18.12194250971129],[-92.85057240106451,18.12187010932577],[-92.8504976905503,18.12169693458032],[-92.85036609970761,18.12142957227196],[-92.85039443779291,18.12124539552149],[-92.85038977393587,18.12080170995824],[-92.85035847286646,18.12067702176568],[-92.85030119193526,18.12046544590948],[-92.85065197611728,18.12046811329498],[-92.85063870067785,18.12018356725786],[-92.8502909098685,18.12016634812553],[-92.85045073904917,18.12004320510275],[-92.8507274445052,18.12004125214873],[-92.85085454793828,18.12027654472943],[-92.85090742481046,18.12012830561417],[-92.8509620456046,18.12088030044113],[-92.85134054929554,18.12102628522761],[-92.851361120919,18.12084600927698],[-92.85117424266063,18.12067223118494],[-92.85126223416445,18.12041480325227],[-92.85121643515343,18.12028375044734],[-92.85132774728646,18.12003341389197],[-92.85148964872872,18.12036293705215],[-92.85158077914869,18.12019665030272],[-92.8516691981056,18.12010741257077],[-92.85186568992187,18.12010709681169],[-92.85217244217773,18.12013787896665],[-92.85225276117772,18.11993152974642],[-92.85147777337727,18.11975799584929],[-92.85143420837139,18.11966751676475],[-92.85141862612522,18.11948792507283],[-92.85156860435048,18.11945131294957],[-92.85154875123837,18.1193374945169],[-92.85144631955778,18.11924016574221],[-92.85177632470621,18.1192337041284],[-92.85183462676898,18.11908036024852],[-92.85162659300953,18.11893741832513],[-92.85166405840371,18.11874538438589],[-92.85167314604112,18.11875270842181],[-92.85184594014689,18.11846381579279],[-92.85128305444508,18.11844197294836],[-92.8511041598097,18.11833133296293],[-92.85116125895874,18.11808783933648],[-92.85129073405123,18.11795605821813],[-92.85136583498058,18.1178438435951],[-92.85121434107427,18.11772700998962],[-92.85163480297751,18.11734758291312],[-92.85187515991664,18.11748609191148],[-92.85202627983224,18.11739412218943],[-92.8532971429743,18.11769330575366],[-92.85346188889342,18.11751302408765],[-92.85228681800224,18.11716811444901],[-92.8524971986663,18.11695976924362],[-92.85269049480459,18.11707772854188],[-92.85285060818978,18.11701654377649],[-92.85270695271423,18.11684043077602],[-92.85307459185208,18.117054822368],[-92.85318692573136,18.1168273222734],[-92.85324467495407,18.11664288270418],[-92.85315551939455,18.11645821184198],[-92.85339096661093,18.1163040097361],[-92.85351683196403,18.11635637268119],[-92.85363019040926,18.11618251305322],[-92.8537266894448,18.11633224549493],[-92.85374039283418,18.11620169997932],[-92.85379262191432,18.11597767134349],[-92.85378707501712,18.11585384001372],[-92.85397167498063,18.11600446451645],[-92.85412497243955,18.11586379567296],[-92.8539852583195,18.11570428922617],[-92.85398458716033,18.11561190418321],[-92.85416132164067,18.11572348588222],[-92.85428407381389,18.11546563297753],[-92.85421613364561,18.11525194475642],[-92.85462266039129,18.11485232182793],[-92.85491001999404,18.11512608880123],[-92.85516530256947,18.1150561376519],[-92.85508226275805,18.11479729830473],[-92.85516278361006,18.1146571158672],[-92.8549517675921,18.11456541972466],[-92.854817699215,18.11404986330434],[-92.8552764356684,18.11417323879312],[-92.85567349358614,18.11479632615612],[-92.85602673389812,18.11495097325365],[-92.8560616262023,18.11474058315587],[-92.85627422258786,18.11463778723634],[-92.85621872510248,18.1143326481099],[-92.85442152964362,18.11346540039294],[-92.8540970853349,18.11283611512841],[-92.85446494668868,18.11290270622745],[-92.85444921601236,18.1127236658521],[-92.85420679519898,18.11257947355944],[-92.85428774591333,18.11253794219025],[-92.85443873944881,18.11256765529576],[-92.85482802196432,18.11238346230332],[-92.85473236597491,18.11219197706198],[-92.85499534527054,18.11219093606005],[-92.85527353072969,18.11236446692052],[-92.85535930079985,18.11180076104763],[-92.85425230853848,18.1119775593781],[-92.85436044218798,18.1118615849013],[-92.85420439462965,18.11179461272303],[-92.85424309516522,18.11138889450901],[-92.85392264747125,18.11115864987589],[-92.85409660198326,18.11081342531881],[-92.85429952484638,18.11083067343133],[-92.85454003547525,18.1098023680606],[-92.8546517314386,18.10955455741481],[-92.85444192768746,18.10951406524201],[-92.85453040204601,18.10909095466197],[-92.85481502860718,18.10918421998123],[-92.85478484132736,18.1090947617746],[-92.85467219883691,18.10907113599961],[-92.85467740646496,18.10895647851554],[-92.8547752472307,18.10893702788986],[-92.85488189459359,18.10884212407581],[-92.85508572416367,18.10863196533244],[-92.85505519981322,18.10847665006225],[-92.85517981985242,18.10841823031102],[-92.85532648490309,18.10850824497419],[-92.85541640182424,18.1084478646331],[-92.85528488386437,18.10822218056913],[-92.85542557677682,18.10807760962052],[-92.85531294152422,18.10790158524189],[-92.85524400003501,18.10793985519628],[-92.85512884202964,18.10790234763338],[-92.85500342869045,18.10803568133677],[-92.8549049669165,18.10806342849541],[-92.85478113518731,18.10825760273844],[-92.8548441472243,18.10834058053112],[-92.85472703181192,18.10839573587385],[-92.85434324089822,18.10819888459291],[-92.85435426780118,18.10838608103533],[-92.85447403665998,18.10855055744194],[-92.85447268098311,18.10875599218503],[-92.85439465052077,18.10885724246166],[-92.85418660164027,18.10901931977825],[-92.85418682317075,18.10928078619368],[-92.85430443237357,18.10935151342431],[-92.85416018666714,18.10976611850658],[-92.85408037578514,18.10983167629883],[-92.85403853555405,18.10981034135336],[-92.8538888926403,18.10978438778123],[-92.85386392022168,18.109602157902],[-92.85380601882083,18.1094536959026],[-92.85393467657272,18.10907488215608],[-92.85402976181864,18.10864232419235],[-92.85395055770287,18.10851802661032],[-92.85375673384404,18.10842665003067],[-92.85338718874905,18.10834659499552],[-92.8531879115782,18.10840191240304],[-92.85288500049161,18.10833440989375],[-92.85288105136839,18.10835189616521],[-92.85278087546509,18.10880485565518],[-92.85266547076195,18.10888459203586],[-92.85261473961761,18.10915274094846],[-92.85240596192517,18.10916095571124],[-92.85197588554165,18.10918772610844],[-92.8520180168503,18.108965061892],[-92.85192112405409,18.1089298930201],[-92.8518424554045,18.10876017951912],[-92.85163270406412,18.10881907966395],[-92.85150485007895,18.10904104825307],[-92.85150485007895,18.10904104825307],[-92.8507029430458,18.10871334590739],[-92.85060938044329,18.10939228762002],[-92.85071884953697,18.10945016662098],[-92.85049008987684,18.10992858058646],[-92.85070176965189,18.10992617987405],[-92.85080824754196,18.10981255783561],[-92.85117908367545,18.1098903440324],[-92.85115484231459,18.11010735862616],[-92.85104897056044,18.1101768013764],[-92.85099372647545,18.11022942817757],[-92.85112368155659,18.11028361175259],[-92.85112368155659,18.11028361175259],[-92.85110425216001,18.11040137322893],[-92.85095804035777,18.11037435807866],[-92.85090488364092,18.11051833539023],[-92.85092020689189,18.11051513924134],[-92.85108651884194,18.1105277422977],[-92.85156440094393,18.11057186768122],[-92.85156440094393,18.11057186768122],[-92.85156440094393,18.11057186768122],[-92.85158962360087,18.11052456239017],[-92.85158962360087,18.11052456239017],[-92.85158962360087,18.11052456239017],[-92.85173599010673,18.11053866859597],[-92.85177865444957,18.11047135426379],[-92.85177865444957,18.11047135426379],[-92.85240027571894,18.11050178938985],[-92.85240027571894,18.11050178938985],[-92.85291476215892,18.11048277001317],[-92.85352846450091,18.11064193357911],[-92.85352846450091,18.11064193357911],[-92.85345005678776,18.11073721437231],[-92.85364128398297,18.11079122858906],[-92.85364128398297,18.11079122858906],[-92.85364128398297,18.11079122858906],[-92.85364128398297,18.11079122858906],[-92.85357941167489,18.11086678134193],[-92.85357941167489,18.11086678134193],[-92.85339797008152,18.11077511847261],[-92.85334428417306,18.11084946789923],[-92.8533684161282,18.11102590362112],[-92.85319928601184,18.11097293449718],[-92.85324678185273,18.11110793675336],[-92.85347742448813,18.1111390679531],[-92.85349167245194,18.11135400588683],[-92.85349167245194,18.11135400588683],[-92.8532621984101,18.11152763001316],[-92.85346418682099,18.11164818332655],[-92.85340621552402,18.11174803772182],[-92.85340621552402,18.11174803772182],[-92.85327361417468,18.11180281095772],[-92.85342330064141,18.11187516827027],[-92.85345893303648,18.11204976223756],[-92.85341948273819,18.11231595997366],[-92.8531973851335,18.11219878180119],[-92.85326355436945,18.1124637559282],[-92.85326355436945,18.1124637559282],[-92.85310461822087,18.11248711546331],[-92.85340561367899,18.11268550609777],[-92.8533299440263,18.11285503656475],[-92.8533299440263,18.11285503656475],[-92.85311290794137,18.11270735927],[-92.85283767831318,18.11274868291681],[-92.85257070726524,18.11257971477738],[-92.85258826342508,18.11241996616445],[-92.85241768533953,18.11238184264737],[-92.85244544727867,18.11254145501944],[-92.85229959682991,18.11246728976853],[-92.85223437264906,18.11262854906258],[-92.85175142196084,18.11242092334883],[-92.85189295572283,18.1121813203537],[-92.85189295572283,18.1121813203537],[-92.85159250011934,18.11208464330597],[-92.85159250011934,18.11208464330597],[-92.8514654655695,18.11231727216439],[-92.85105255830372,18.11197115947611],[-92.85092371475304,18.11193247915485],[-92.85086925580532,18.11209215566278],[-92.8507231693772,18.11196024059248],[-92.85077720499427,18.11182409383493],[-92.85025815865512,18.11161418134601],[-92.85020274124751,18.11176555689935],[-92.84951958382204,18.11150789928994],[-92.84951138063597,18.11135635040122],[-92.84943148732987,18.11130325899452],[-92.84930944726345,18.11136914524172],[-92.84919091993528,18.11133361349371],[-92.84927228134535,18.11125710937289],[-92.8489901524342,18.11115147573497],[-92.84887654812546,18.11129826748084],[-92.84810250823573,18.11099052580951],[-92.84816029914185,18.11087067855508],[-92.84806048617378,18.11084312118432],[-92.84794537581324,18.11096093834544],[-92.84769931668139,18.11082748234123],[-92.8477246244995,18.11065014928219],[-92.84761890673812,18.11059018177198],[-92.84755086587232,18.11062791343256],[-92.84749705354663,18.11069252893831],[-92.84718242331716,18.11075405509732],[-92.84716281840625,18.11102529246379],[-92.84639331690379,18.1127717540344],[-92.84621522292382,18.11266938595227],[-92.846234646996,18.1123809668633],[-92.84631065133048,18.11241663121203],[-92.84638962245103,18.11225760245312],[-92.8459979500798,18.11218402652591],[-92.84588119382725,18.11227121826439],[-92.84604911535536,18.11236188702171],[-92.84604623280319,18.11245371485293],[-92.84596028869531,18.11250665077307],[-92.84602478855444,18.11257751766255],[-92.84596232947854,18.11280753662755],[-92.84570818845623,18.11271266660493],[-92.84504945094683,18.11266565436611],[-92.84501102545389,18.11291646997984],[-92.84507789731967,18.11330517952689],[-92.84600824497115,18.113394576584],[-92.84620887480447,18.11345707929103],[-92.8458425882566,18.11374626456728],[-92.8461220166563,18.1140632440293],[-92.84628076624361,18.11394700188087],[-92.84637034185747,18.11384628587776],[-92.84623773982443,18.11367990636737],[-92.84629973905945,18.11359759706942],[-92.84668128964442,18.11404936425677],[-92.84647175810926,18.11443560098512],[-92.84673067047129,18.11461580104471],[-92.84694980242118,18.11436714231179],[-92.84683958483859,18.114015665768],[-92.84759686376042,18.11514512204877],[-92.84757424756413,18.11627429530495],[-92.84719548626664,18.11622654800754],[-92.84714605265818,18.11636626336623],[-92.84725476506138,18.11639819276817],[-92.84760184204178,18.11644659195433],[-92.84745644529795,18.11710421813988],[-92.84720650378348,18.11708575759272],[-92.84723440757205,18.11717373420802],[-92.84689717768934,18.11713675768194],[-92.8467842897745,18.11722012105184],[-92.84680018401866,18.11750105393306],[-92.84703781053199,18.11754327805705],[-92.8471157865795,18.11750390824601],[-92.8472000522694,18.11753580355312],[-92.84727207069535,18.11761838570817],[-92.8475199629308,18.11765923622687],[-92.84751215379463,18.11751095039678],[-92.84767205663631,18.11751653090732],[-92.84764550350933,18.11788433005396],[-92.84798447799496,18.117998700623],[-92.8480009845045,18.11787483782204],[-92.84821194962926,18.11789559264365],[-92.84826517242037,18.11761587956308],[-92.84848518043968,18.1176634695871],[-92.84859669249948,18.11773628052009],[-92.84859386339537,18.11764024317845],[-92.84891585919063,18.11778616330388],[-92.84938050412349,18.11780983335221],[-92.84941838315768,18.11771785500136],[-92.84952708085864,18.11776966425254],[-92.84951359151314,18.11815131158176],[-92.84956905419483,18.11814560287632],[-92.84960831548308,18.11800536551003],[-92.84969891367989,18.11806339294262],[-92.8498076425691,18.11809018918214],[-92.84989452493556,18.11783909508199],[-92.84996950979279,18.11785445143405],[-92.85000658430505,18.11792080358151],[-92.85009836360538,18.1180183962035],[-92.85003092519253,18.11832865191531],[-92.85010917369111,18.11838725647361],[-92.8500188193305,18.1184520610776],[-92.84989082850178,18.11865237088081],[-92.84987716514625,18.11877053213726],[-92.84979326652847,18.1188838131714],[-92.84951589175984,18.11893401003848],[-92.84931232126164,18.1196115684562],[-92.84883599402812,18.11960450205549],[-92.84880327440163,18.11974972154527],[-92.84959743738062,18.11991621161135],[-92.84962637204617,18.12076419815904],[-92.84968453298875,18.1208367708793],[-92.8497500086757,18.12120905355325],[-92.84994159908695,18.12133850060253],[-92.85001352126487,18.1220867406713],[-92.84992429184382,18.12223684378526],[-92.85037503597763,18.12295847949098],[-92.85266540636015,18.12329769225089],[-92.85275144412691,18.12279951864844]]]}},{"type":"Feature","properties":{"name":"OCUILT_5_A","description":"<table><tr><td>Name</td><td><b>AER_VILLAHERMOSA_10</b></td></tr></table>","distrito":"VILLAHERMOSA"},"geometry":{"type":"MultiPolygon","coordinates":[[[[-92.87236871,18.13783462],[-92.87691824,18.13888089],[-92.88231327999999,18.14096292],[-92.88206842,18.13966275],[-92.88346428917437,18.13981802963232],[-92.88317579509523,18.13940289864011],[-92.88310679315181,18.13907612918867],[-92.8831806062237,18.13868198766698],[-92.88214330333106,18.13850007730702],[-92.88190413458427,18.13851967843632],[-92.88152480817479,18.13835708155482],[-92.88138112389859,18.13866772042427],[-92.8804612301547,18.13843698068422],[-92.88022488724397,18.13902123326336],[-92.87932128918,18.13880332210257],[-92.87953873933604,18.13826585959982],[-92.87981167717273,18.13741555660142],[-92.87928713930529,18.13723156907832],[-92.87889148280432,18.13711443949902],[-92.87882346793793,18.13712209774034],[-92.87852724611372,18.13790895487837],[-92.87727572013746,18.13758866603938],[-92.87706463713614,18.13711239280676],[-92.87674594132959,18.13750993318882],[-92.87590020833413,18.1371889465321],[-92.8755315464582,18.13672032048644],[-92.87462534200886,18.13644026963489],[-92.87432767974458,18.13693818795097],[-92.87405597462006,18.13686386719346],[-92.87367310760709,18.13677701123962],[-92.8729944117058,18.13656537223345],[-92.87224665640679,18.13631990474008],[-92.87268266563241,18.13533909721037],[-92.87209010519304,18.13527807606428],[-92.87176879002783,18.13522050036853],[-92.8713859638753,18.13519304255756],[-92.87091245912903,18.13513264073673],[-92.87059942546206,18.13507435174359],[-92.87043060369973,18.1361006404817],[-92.87036920937246,18.13655188220238],[-92.87269281336742,18.13717183603754],[-92.87236871,18.13783462]]]]}},{"type":"Feature","properties":{"name":"LAGUNA_3_A","description":"","distrito":"VILLAHERMOSA"},"geometry":{"type":"Polygon","coordinates":[[[-93.023007771187,18.16703857446878],[-93.02323582604014,18.16644984754988],[-93.02347680709595,18.1661738158524],[-93.02443733370356,18.1658114739519],[-93.024982601115,18.16595041814401],[-93.02573808102635,18.16628316383138],[-93.02617872688405,18.16493224918969],[-93.02468416758835,18.16450937308025],[-93.02433176774694,18.16505491497217],[-93.02247376181309,18.16485112063908],[-93.02220190806936,18.16507452855954],[-93.01899759647497,18.16378445654544],[-93.01910069469757,18.16277184613589],[-93.01759499143468,18.16204243032762],[-93.01674333980333,18.16118504338254],[-93.01654575819747,18.16136149053244],[-93.01555165780319,18.16114236841007],[-93.01562279460603,18.16079069255002],[-93.01522794358281,18.1594421641582],[-93.01508686540136,18.15912233386671],[-93.01444457147349,18.15864619806796],[-93.01416617077614,18.1585776247215],[-93.0144838897359,18.15636880653202],[-93.01147977890454,18.15604295835212],[-93.01113841598699,18.15569851023307],[-93.00948760919897,18.15592480229295],[-93.00941124022428,18.15558977368851],[-93.00790995747968,18.15566567634443],[-93.00784165661939,18.15656615552717],[-93.0054576460117,18.15635163605464],[-93.00555715840922,18.15675961151413],[-93.00557616003476,18.15778147980477],[-93.0066609736437,18.15817645600995],[-93.00704118825702,18.15819663751666],[-93.00809231609044,18.15745376117641],[-93.00799418046307,18.15812233287084],[-93.01194847073734,18.15888401970437],[-93.01291355165283,18.15820651340648],[-93.01405097936893,18.15987024358522],[-93.01394694198632,18.16004772712365],[-93.01325520066128,18.15995288842238],[-93.01282100498312,18.16152816857221],[-93.01162640221452,18.16121436507445],[-93.01128480144635,18.16361226356895],[-93.0124779180278,18.1636981294864],[-93.01239534789401,18.16411819910195],[-93.01302402480928,18.16422646724884],[-93.01398166546758,18.16487185018412],[-93.01395091365181,18.16628836721859],[-93.01366764697114,18.16633282882194],[-93.01411773845321,18.16718295066403],[-93.01336268537197,18.16738513330913],[-93.01271889947479,18.16784364491438],[-93.0125404892034,18.16712474024134],[-93.01122373580661,18.16726193368708],[-93.01032247970022,18.16726058361982],[-93.01036232303683,18.16710359973059],[-93.00951050133601,18.16697390756904],[-93.00958367649483,18.1663687818053],[-93.00885904275499,18.16626655211267],[-93.00894639697631,18.16585594932043],[-93.00771987353158,18.16565912371078],[-93.00759260041279,18.1661749401639],[-93.00685938030459,18.16599400184778],[-93.00673748645417,18.1666391037436],[-93.00602891897123,18.16656591972693],[-93.00590391047776,18.16707907117004],[-93.00528266096684,18.16685855074893],[-93.00431445833523,18.16662516308141],[-93.00422801253957,18.16615633413288],[-93.00255691783642,18.16581329169425],[-93.00218955891938,18.16607079191177],[-93.00186451211799,18.16623897294543],[-93.00140189601665,18.1661841787007],[-93.00118037401543,18.16583102353389],[-93.00090171194142,18.16527773193794],[-93.0006879806101,18.1650293954627],[-93.00050991447428,18.16401527463417],[-92.9993094126597,18.16331741224794],[-92.99941494912409,18.16295998201122],[-92.99733949955855,18.16212742273612],[-92.99703294798464,18.16274985240992],[-92.99687549996848,18.16299370941705],[-92.99800090597572,18.16387568164291],[-92.99831535930771,18.1639981218379],[-92.99981957638005,18.16569803884321],[-93.00008962448914,18.1657334104467],[-93.00060299587327,18.1666481028235],[-92.99992709762158,18.16719880386536],[-92.99953176454233,18.16648783224167],[-92.9986923796835,18.16682893472612],[-92.99830398441472,18.16599398575541],[-92.99793123729037,18.16609419551819],[-92.99744375055215,18.16622855222272],[-92.99757531684183,18.16658873574099],[-92.99612977205813,18.16681492962594],[-92.99619660635504,18.16716869347658],[-92.99597583872358,18.16723316134711],[-92.99607526205114,18.1676253924223],[-92.99644531031547,18.16753426309177],[-92.99674930840327,18.16855338957609],[-92.99902067298609,18.16828054750183],[-92.99910418302267,18.168610588223],[-93.0008967786519,18.16846061190612],[-93.0010570670836,18.16799508461389],[-93.00125292137456,18.16785675513976],[-93.00156389416507,18.16782063792645],[-93.00192097410607,18.16776227132519],[-93.00208611500881,18.16793903567151],[-93.00214207501905,18.16811640375158],[-93.00229351554633,18.16827344789109],[-93.00274468118066,18.16857735283824],[-93.00305428602726,18.16849036874643],[-93.00325061834319,18.16830901923759],[-93.00374671167393,18.16801176979311],[-93.0042356769075,18.16804441314046],[-93.00429052219113,18.16777387406747],[-93.00657382637523,18.16805474593274],[-93.00648414020546,18.16875585370148],[-93.00686335816039,18.16886974950884],[-93.00767123110977,18.16892288619053],[-93.00769128117466,18.16878671299514],[-93.00834147319657,18.16891989715987],[-93.00828608252569,18.16938143124522],[-93.01062571703218,18.16974904215039],[-93.01155507427926,18.16934164320377],[-93.01187669690097,18.17037298620157],[-93.01245242014687,18.17034853101137],[-93.01194931060209,18.17536651205096],[-93.01209526484908,18.17536765925621],[-93.01185439497789,18.1764464777139],[-93.01299691014687,18.17660652574924],[-93.01306796013836,18.17631774026108],[-93.0152195821955,18.1765567210979],[-93.01528470650976,18.1761707124321],[-93.01689409987385,18.17653315647397],[-93.01716756503822,18.175469793192],[-93.01761438393297,18.17553732191022],[-93.02040082333245,18.1756654490399],[-93.02039288842332,18.1758679051616],[-93.02143185542953,18.17582455360296],[-93.02159033552921,18.17516645965912],[-93.02347035765676,18.17528572326683],[-93.02370035703764,18.17704941123759],[-93.02465939236889,18.17818436274781],[-93.02453067500252,18.17834310554924],[-93.0254637908525,18.17900497868201],[-93.02678868726667,18.1794550927931],[-93.02885048933041,18.17955316809006],[-93.0289435168185,18.17994745382472],[-93.02989534506237,18.17994684677409],[-93.0327580574529,18.18030685071201],[-93.03266793731771,18.17943458101148],[-93.03330872266619,18.17887445721521],[-93.03247204880935,18.176957528983],[-93.03136849000462,18.17806274737883],[-93.03076516625757,18.1779114483648],[-93.02851572510116,18.17783654772149],[-93.02699839162149,18.17784727985421],[-93.0261431337677,18.17761116852952],[-93.02528289778682,18.17698391447794],[-93.02539811813551,18.17683455703009],[-93.0248620575382,18.17615922051447],[-93.02450706508083,18.17547104391322],[-93.02442799210974,18.17440558178655],[-93.02456286475024,18.17370819917242],[-93.02443824683066,18.17328784859214],[-93.02460335488956,18.17267840132071],[-93.02453281130498,18.17238999297342],[-93.02470422707678,18.17213852374802],[-93.02503093257911,18.17169158203925],[-93.02532591325388,18.17029447189157],[-93.02514941573067,18.16922682810851],[-93.02516595733057,18.16860373686384],[-93.02495175719714,18.1679364123943],[-93.02470438263973,18.16779598964979],[-93.02446049073835,18.16774302090567],[-93.02447596042892,18.16724478703058],[-93.023007771187,18.16703857446878]]]}},{"type":"Feature","properties":{"name":"JALPA DE MENDEZ  LAGUNA_4_A","description":"","distrito":"VILLAHERMOSA"},"geometry":{"type":"Polygon","coordinates":[[[-93.05558342231095,18.17770503153494],[-93.05602807943997,18.17778369970506],[-93.05605853426293,18.1792846296946],[-93.05606949212795,18.18163745938471],[-93.05861984286662,18.18243999338206],[-93.06095226323704,18.182868358215],[-93.06202310875894,18.18244453398708],[-93.06277837909947,18.1832975733147],[-93.0615666831938,18.18410625657187],[-93.06271480284018,18.18613345077673],[-93.06442340898727,18.18637917772568],[-93.06565223526626,18.18623471890989],[-93.0669106320269,18.18550846542742],[-93.06706350299405,18.18425719843026],[-93.06614946459125,18.18339713797463],[-93.06560185529062,18.1840160514101],[-93.06534653353035,18.18306372755891],[-93.06550062206605,18.18160319476164],[-93.06639712686717,18.18203572956235],[-93.06722864644883,18.18203685225309],[-93.0679132851163,18.18150497509723],[-93.06858044366841,18.18124178815212],[-93.069818154747,18.18049992368569],[-93.07108984175909,18.17986821687185],[-93.07146150025979,18.17957484146474],[-93.07197200438739,18.18006631143878],[-93.0730309648193,18.18044427684595],[-93.07309009103253,18.18046426089085],[-93.07368997693871,18.18114713974665],[-93.07411209164916,18.18300364424695],[-93.0768168088676,18.18300711541357],[-93.0772583529701,18.18225634420741],[-93.0777742480373,18.18155841014038],[-93.07804005347478,18.180770264571],[-93.0783424225651,18.17925288679959],[-93.07938611837085,18.17875305333314],[-93.08150151752899,18.17820326829766],[-93.08222843717894,18.17784484660905],[-93.08179035305729,18.17876394148468],[-93.0814853251904,18.17927123213426],[-93.08192006622741,18.1799712875039],[-93.08327160128357,18.17964244197848],[-93.08420567294935,18.17954078943034],[-93.08515939912695,18.17923492561453],[-93.08552527663268,18.17844654725257],[-93.08452450964532,18.17848544200915],[-93.08464928496373,18.17812574582602],[-93.08495216625784,18.17772959525443],[-93.0854303536461,18.17731753533584],[-93.08580581559681,18.17706442582698],[-93.08661608276705,18.17735812558558],[-93.08751461975861,18.17785133123559],[-93.0885643310745,18.17773402354245],[-93.08859621411726,18.17683503535331],[-93.08829880276346,18.17602926410187],[-93.08697168026968,18.1758001802875],[-93.08599952742912,18.17527274154811],[-93.08540327103395,18.17480739635905],[-93.08409649989937,18.17484279005916],[-93.08350629546395,18.17536321052641],[-93.08232045223987,18.17602195668513],[-93.08125801074087,18.17661370499188],[-93.08092313391398,18.17628709532241],[-93.08123781357338,18.17586885585411],[-93.0818684134403,18.17524900937445],[-93.08239874380878,18.17452729662123],[-93.08271805960352,18.17363671470301],[-93.08265770575669,18.17271076657839],[-93.08205466207698,18.17278054502902],[-93.08162120662737,18.17397868502953],[-93.08118277133839,18.17470989458044],[-93.08049895143407,18.17522865584431],[-93.0797964651715,18.17533993784208],[-93.0795344086944,18.17603754206258],[-93.07951303515476,18.177173560833],[-93.07941629926674,18.17770306611922],[-93.07870040438317,18.17772192234186],[-93.07789359365977,18.17764204110329],[-93.07747392782068,18.17724912589404],[-93.0772151533197,18.17685979514483],[-93.074858480125,18.17593572235018],[-93.07550575946013,18.17515928903656],[-93.0758878145047,18.17456397370391],[-93.07581931465187,18.17391297730549],[-93.0766751019114,18.17393490596833],[-93.07775295624066,18.17469334898301],[-93.07816400344123,18.17321233221361],[-93.07822804293542,18.17308935278952],[-93.07758725016116,18.17231671923875],[-93.07756720303301,18.17231669409507],[-93.07754868052754,18.17169651895873],[-93.07641822881871,18.17118141891467],[-93.07623608121906,18.17007510830159],[-93.07485135494774,18.17001590482987],[-93.07357152888993,18.1723923220475],[-93.07231151143942,18.17345210943181],[-93.07100805993494,18.1735014567849],[-93.07036688805285,18.17436563136888],[-93.06975448220867,18.17493278059338],[-93.0690107792131,18.17511661551208],[-93.06955416756034,18.17427367508797],[-93.07028527178632,18.17330471776889],[-93.06989031655782,18.17277467261918],[-93.06925494725125,18.17252896252321],[-93.06918414340174,18.17189213777269],[-93.06911333270354,18.16928654590915],[-93.06809097956346,18.16912967278672],[-93.06719729684517,18.16944016682346],[-93.0655691335992,18.16971699508429],[-93.06512013844109,18.16919484618821],[-93.06451173128754,18.16909049790307],[-93.06443397914141,18.16961067741521],[-93.06402595279911,18.16955782378886],[-93.06403446632469,18.16898657366506],[-93.06267691243784,18.16877894301086],[-93.06251484814877,18.16985313436719],[-93.06087252381187,18.16979833677973],[-93.06091718467063,18.16882796985904],[-93.05968709234408,18.16855309820791],[-93.05957293800388,18.17007797976684],[-93.059237610292,18.17023662219768],[-93.05903630955868,18.17065579799249],[-93.05920247780114,18.17098391997843],[-93.05870529283106,18.17102899618095],[-93.05866337870224,18.17102894170747],[-93.05805364511485,18.17255944240957],[-93.05821030633305,18.17364754954245],[-93.05771451167229,18.1742937599649],[-93.05723482662997,18.17558754456973],[-93.05493359415495,18.17570185732395],[-93.05378252814022,18.17568401232547],[-93.05283869437613,18.17574764289838],[-93.0518165120244,18.1755841527875],[-93.05167396120677,18.17435668325148],[-93.0524373834391,18.17379745263589],[-93.05273524184982,18.17309087388655],[-93.05137263464273,18.17306000021985],[-93.05135561951532,18.17194416471493],[-93.04885557879962,18.17203734984598],[-93.04861870310198,18.17383708809157],[-93.04733651800304,18.17377544432311],[-93.04706887853126,18.17556624971393],[-93.04761081100789,18.17620058797203],[-93.04854405933277,18.17614350505541],[-93.04923679763564,18.17670485259882],[-93.0497111594902,18.17684026537933],[-93.05030909113017,18.17703715224498],[-93.05020357529347,18.17801147418743],[-93.05167511137378,18.17814017129058],[-93.05354204088495,18.18037119354666],[-93.05362307740963,18.17936469225368],[-93.0556300843269,18.17925074681936],[-93.05558342231095,18.17770503153494]]]}}]}